NAME_ENGL,ISO3_CODE,pillar,document,url,country_url,path
Aruba,ABW,Pillar 2,Internet Liberty Framework,https://globalgovernanceprogramme.eui.eu/gifi/,./countries/Aruba#goodpractice,Aruba.Pillar 2.Internet Liberty Framework
Botswana,BWA,Pillar 3,Internet Liberty Framework,https://globalgovernanceprogramme.eui.eu/gifi/,./countries/Botswana#goodpractice,Botswana.Pillar 3.Internet Liberty Framework
Belarus,BLR,Pillar 3,Internet Liberty Framework,https://globalgovernanceprogramme.eui.eu/gifi/,./countries/Belarus#goodpractice,Belarus.Pillar 3.Internet Liberty Framework
Azerbaijan,AZE,Pillar 3,Internet Liberty Framework,https://globalgovernanceprogramme.eui.eu/gifi/,./countries/Azerbaijan#goodpractice,Azerbaijan.Pillar 3.Internet Liberty Framework
Bouvet Island,BVT,Pillar 3,Internet Liberty Framework,https://globalgovernanceprogramme.eui.eu/gifi/,./countries/BouvetIsland#goodpractice,Bouvet Island.Pillar 3.Internet Liberty Framework
Spain,ESP,Pillar 3,Internet Liberty Framework,https://globalgovernanceprogramme.eui.eu/gifi/,./countries/Spain#goodpractice,Spain.Pillar 3.Internet Liberty Framework
Belize,BLZ,Pillar 3,Internet Liberty Framework,https://globalgovernanceprogramme.eui.eu/gifi/,./countries/Belize#goodpractice,Belize.Pillar 3.Internet Liberty Framework
Australia,AUS,Pillar 3,Internet Liberty Framework,https://globalgovernanceprogramme.eui.eu/gifi/,./countries/Australia#goodpractice,Australia.Pillar 3.Internet Liberty Framework
Barbados,BRB,Pillar 3,Internet Liberty Framework,https://globalgovernanceprogramme.eui.eu/gifi/,./countries/Barbados#goodpractice,Barbados.Pillar 3.Internet Liberty Framework
Iran,IRN,Pillar 2,Internet Liberty Framework,https://globalgovernanceprogramme.eui.eu/gifi/,./countries/Iran#goodpractice,Iran.Pillar 2.Internet Liberty Framework
Belgium,BEL,Pillar 2,Internet Liberty Framework,https://globalgovernanceprogramme.eui.eu/gifi/,./countries/Belgium#goodpractice,Belgium.Pillar 2.Internet Liberty Framework
Aruba,ABW,Pillar 2,Digital Rights Charter,https://globalgovernanceprogramme.eui.eu/gifi/,./countries/Aruba#goodpractice,Aruba.Pillar 2.Digital Rights Charter
Botswana,BWA,Pillar 2,Digital Rights Charter,https://globalgovernanceprogramme.eui.eu/gifi/,./countries/Botswana#goodpractice,Botswana.Pillar 2.Digital Rights Charter
Belarus,BLR,Pillar 2,Digital Rights Charter,https://globalgovernanceprogramme.eui.eu/gifi/,./countries/Belarus#goodpractice,Belarus.Pillar 2.Digital Rights Charter
Azerbaijan,AZE,Pillar 2,Digital Rights Charter,https://globalgovernanceprogramme.eui.eu/gifi/,./countries/Azerbaijan#goodpractice,Azerbaijan.Pillar 2.Digital Rights Charter
Bouvet Island,BVT,Pillar 2,Digital Rights Charter,https://globalgovernanceprogramme.eui.eu/gifi/,./countries/BouvetIsland#goodpractice,Bouvet Island.Pillar 2.Digital Rights Charter
Belize,BLZ,Pillar 2,Digital Rights Charter,https://globalgovernanceprogramme.eui.eu/gifi/,./countries/Belize#goodpractice,Belize.Pillar 2.Digital Rights Charter
Australia,AUS,Pillar 2,Digital Rights Charter,https://globalgovernanceprogramme.eui.eu/gifi/,./countries/Australia#goodpractice,Australia.Pillar 2.Digital Rights Charter
Barbados,BRB,Pillar 2,Digital Rights Charter,https://globalgovernanceprogramme.eui.eu/gifi/,./countries/Barbados#goodpractice,Barbados.Pillar 2.Digital Rights Charter
Iran,IRN,Pillar 2,Digital Rights Charter,https://globalgovernanceprogramme.eui.eu/gifi/,./countries/Iran#goodpractice,Iran.Pillar 2.Digital Rights Charter
Belgium,BEL,Pillar 2,Digital Rights Charter,https://globalgovernanceprogramme.eui.eu/gifi/,./countries/Belgium#goodpractice,Belgium.Pillar 2.Digital Rights Charter
Aruba,ABW,Pillar 2,Global Connectivity Mandate,https://globalgovernanceprogramme.eui.eu/gifi/,./countries/Aruba#goodpractice,Aruba.Pillar 2.Global Connectivity Mandate
Botswana,BWA,Pillar 2,Global Connectivity Mandate,https://globalgovernanceprogramme.eui.eu/gifi/,./countries/Botswana#goodpractice,Botswana.Pillar 2.Global Connectivity Mandate
Azerbaijan,AZE,Pillar 3,Global Connectivity Mandate,https://globalgovernanceprogramme.eui.eu/gifi/,./countries/Azerbaijan#goodpractice,Azerbaijan.Pillar 3.Global Connectivity Mandate
Bouvet Island,BVT,Pillar 3,Global Connectivity Mandate,https://globalgovernanceprogramme.eui.eu/gifi/,./countries/BouvetIsland#goodpractice,Bouvet Island.Pillar 3.Global Connectivity Mandate
Belize,BLZ,Pillar 3,Global Connectivity Mandate,https://globalgovernanceprogramme.eui.eu/gifi/,./countries/Belize#goodpractice,Belize.Pillar 3.Global Connectivity Mandate
Australia,AUS,Pillar 3,Global Connectivity Mandate,https://globalgovernanceprogramme.eui.eu/gifi/,./countries/Australia#goodpractice,Australia.Pillar 3.Global Connectivity Mandate
Barbados,BRB,Pillar 3,Global Connectivity Mandate,https://globalgovernanceprogramme.eui.eu/gifi/,./countries/Barbados#goodpractice,Barbados.Pillar 3.Global Connectivity Mandate
Iran,IRN,Pillar 3,Global Connectivity Mandate,https://globalgovernanceprogramme.eui.eu/gifi/,./countries/Iran#goodpractice,Iran.Pillar 3.Global Connectivity Mandate
Belgium,BEL,Pillar 3,Global Connectivity Mandate,https://globalgovernanceprogramme.eui.eu/gifi/,./countries/Belgium#goodpractice,Belgium.Pillar 3.Global Connectivity Mandate
Aruba,ABW,Pillar 5,Internet Liberty Framework,https://globalgovernanceprogramme.eui.eu/gifi/,./countries/Aruba#goodpractice,Aruba.Pillar 5.Internet Liberty Framework
Belize,BLZ,Pillar 5,Internet Liberty Framework,https://globalgovernanceprogramme.eui.eu/gifi/,./countries/Belize#goodpractice,Belize.Pillar 5.Internet Liberty Framework
Australia,AUS,Pillar 5,Internet Liberty Framework,https://globalgovernanceprogramme.eui.eu/gifi/,./countries/Australia#goodpractice,Australia.Pillar 5.Internet Liberty Framework
Barbados,BRB,Pillar 5,Internet Liberty Framework,https://globalgovernanceprogramme.eui.eu/gifi/,./countries/Barbados#goodpractice,Barbados.Pillar 5.Internet Liberty Framework
Spain,ESP,Pillar 5,Digital Rights Charter,https://globalgovernanceprogramme.eui.eu/gifi/,./countries/Spain#goodpractice,Spain.Pillar 5.Digital Rights Charter
Belize,BLZ,Pillar 5,Digital Rights Charter,https://globalgovernanceprogramme.eui.eu/gifi/,./countries/Belize#goodpractice,Belize.Pillar 5.Digital Rights Charter
Barbados,BRB,Pillar 5,Global Connectivity Mandate,https://globalgovernanceprogramme.eui.eu/gifi/,./countries/Barbados#goodpractice,Barbados.Pillar 5.Global Connectivity Mandate
Iran,IRN,Pillar 5,Global Connectivity Mandate,https://globalgovernanceprogramme.eui.eu/gifi/,./countries/Iran#goodpractice,Iran.Pillar 5.Global Connectivity Mandate
Aruba,ABW,Pillar 4,Global Connectivity Mandate,https://globalgovernanceprogramme.eui.eu/gifi/,./countries/Aruba#goodpractice,Aruba.Pillar 4.Global Connectivity Mandate
Botswana,BWA,Pillar 4,Internet Liberty Framework,https://globalgovernanceprogramme.eui.eu/gifi/,./countries/Botswana#goodpractice,Botswana.Pillar 4.Internet Liberty Framework
Azerbaijan,AZE,Pillar 4,Internet Liberty Framework,https://globalgovernanceprogramme.eui.eu/gifi/,./countries/Azerbaijan#goodpractice,Azerbaijan.Pillar 4.Internet Liberty Framework
Bouvet Island,BVT,Pillar 4,Internet Liberty Framework,https://globalgovernanceprogramme.eui.eu/gifi/,./countries/BouvetIsland#goodpractice,Bouvet Island.Pillar 4.Internet Liberty Framework
Belize,BLZ,Pillar 4,Internet Liberty Framework,https://globalgovernanceprogramme.eui.eu/gifi/,./countries/Belize#goodpractice,Belize.Pillar 4.Internet Liberty Framework
Barbados,BRB,Pillar 4,Internet Liberty Framework,https://globalgovernanceprogramme.eui.eu/gifi/,./countries/Barbados#goodpractice,Barbados.Pillar 4.Internet Liberty Framework
Iran,IRN,Pillar 4,Internet Liberty Framework,https://globalgovernanceprogramme.eui.eu/gifi/,./countries/Iran#goodpractice,Iran.Pillar 4.Internet Liberty Framework
Aruba,ABW,Pillar 4,Internet Liberty Framework,https://globalgovernanceprogramme.eui.eu/gifi/,./countries/Aruba#goodpractice,Aruba.Pillar 4.Internet Liberty Framework
Botswana,BWA,Pillar 4,Digital Rights Charter,https://globalgovernanceprogramme.eui.eu/gifi/,./countries/Botswana#goodpractice,Botswana.Pillar 4.Digital Rights Charter
Azerbaijan,AZE,Pillar 4,Digital Rights Charter,https://globalgovernanceprogramme.eui.eu/gifi/,./countries/Azerbaijan#goodpractice,Azerbaijan.Pillar 4.Digital Rights Charter
Bouvet Island,BVT,Pillar 4,Digital Rights Charter,https://globalgovernanceprogramme.eui.eu/gifi/,./countries/BouvetIsland#goodpractice,Bouvet Island.Pillar 4.Digital Rights Charter
Belize,BLZ,Pillar 4,Digital Rights Charter,https://globalgovernanceprogramme.eui.eu/gifi/,./countries/Belize#goodpractice,Belize.Pillar 4.Digital Rights Charter
Barbados,BRB,Pillar 4,Digital Rights Charter,https://globalgovernanceprogramme.eui.eu/gifi/,./countries/Barbados#goodpractice,Barbados.Pillar 4.Digital Rights Charter
Iran,IRN,Pillar 4,Digital Rights Charter,https://globalgovernanceprogramme.eui.eu/gifi/,./countries/Iran#goodpractice,Iran.Pillar 4.Digital Rights Charter
Aruba,ABW,Pillar 4,Digital Rights Charter,https://globalgovernanceprogramme.eui.eu/gifi/,./countries/Aruba#goodpractice,Aruba.Pillar 4.Digital Rights Charter
Botswana,BWA,Pillar 4,Global Connectivity Mandate,https://globalgovernanceprogramme.eui.eu/gifi/,./countries/Botswana#goodpractice,Botswana.Pillar 4.Global Connectivity Mandate
Azerbaijan,AZE,Pillar 4,Global Connectivity Mandate,https://globalgovernanceprogramme.eui.eu/gifi/,./countries/Azerbaijan#goodpractice,Azerbaijan.Pillar 4.Global Connectivity Mandate
Bouvet Island,BVT,Pillar 4,Global Connectivity Mandate,https://globalgovernanceprogramme.eui.eu/gifi/,./countries/BouvetIsland#goodpractice,Bouvet Island.Pillar 4.Global Connectivity Mandate
Belize,BLZ,Pillar 4,Global Connectivity Mandate,https://globalgovernanceprogramme.eui.eu/gifi/,./countries/Belize#goodpractice,Belize.Pillar 4.Global Connectivity Mandate
Barbados,BRB,Pillar 4,Global Connectivity Mandate,https://globalgovernanceprogramme.eui.eu/gifi/,./countries/Barbados#goodpractice,Barbados.Pillar 4.Global Connectivity Mandate
Iran,IRN,Pillar 4,Global Connectivity Mandate,https://globalgovernanceprogramme.eui.eu/gifi/,./countries/Iran#goodpractice,Iran.Pillar 4.Global Connectivity Mandate
Aruba,ABW,Pillar 1,Global Connectivity Mandate,https://globalgovernanceprogramme.eui.eu/gifi/,./countries/Aruba#goodpractice,Aruba.Pillar 1.Global Connectivity Mandate
Botswana,BWA,Pillar 5,Internet Liberty Framework,https://globalgovernanceprogramme.eui.eu/gifi/,./countries/Botswana#goodpractice,Botswana.Pillar 5.Internet Liberty Framework
Belarus,BLR,Pillar 5,Internet Liberty Framework,https://globalgovernanceprogramme.eui.eu/gifi/,./countries/Belarus#goodpractice,Belarus.Pillar 5.Internet Liberty Framework
Azerbaijan,AZE,Pillar 5,Internet Liberty Framework,https://globalgovernanceprogramme.eui.eu/gifi/,./countries/Azerbaijan#goodpractice,Azerbaijan.Pillar 5.Internet Liberty Framework
Bouvet Island,BVT,Pillar 5,Internet Liberty Framework,https://globalgovernanceprogramme.eui.eu/gifi/,./countries/BouvetIsland#goodpractice,Bouvet Island.Pillar 5.Internet Liberty Framework
Belize,BLZ,Pillar 5,Internet Liberty Framework,https://globalgovernanceprogramme.eui.eu/gifi/,./countries/Belize#goodpractice,Belize.Pillar 5.Internet Liberty Framework
Barbados,BRB,Pillar 5,Internet Liberty Framework,https://globalgovernanceprogramme.eui.eu/gifi/,./countries/Barbados#goodpractice,Barbados.Pillar 5.Internet Liberty Framework
Iran,IRN,Pillar 1,Internet Liberty Framework,https://globalgovernanceprogramme.eui.eu/gifi/,./countries/Iran#goodpractice,Iran.Pillar 1.Internet Liberty Framework
Aruba,ABW,Pillar 1,Internet Liberty Framework,https://globalgovernanceprogramme.eui.eu/gifi/,./countries/Aruba#goodpractice,Aruba.Pillar 1.Internet Liberty Framework
Botswana,BWA,Pillar 1,Digital Rights Charter,https://globalgovernanceprogramme.eui.eu/gifi/,./countries/Botswana#goodpractice,Botswana.Pillar 1.Digital Rights Charter
Belarus,BLR,Pillar 5,Digital Rights Charter,https://globalgovernanceprogramme.eui.eu/gifi/,./countries/Belarus#goodpractice,Belarus.Pillar 5.Digital Rights Charter
Azerbaijan,AZE,Pillar 5,Digital Rights Charter,https://globalgovernanceprogramme.eui.eu/gifi/,./countries/Azerbaijan#goodpractice,Azerbaijan.Pillar 5.Digital Rights Charter
Bouvet Island,BVT,Pillar 5,Digital Rights Charter,https://globalgovernanceprogramme.eui.eu/gifi/,./countries/BouvetIsland#goodpractice,Bouvet Island.Pillar 5.Digital Rights Charter
Belize,BLZ,Pillar 5,Digital Rights Charter,https://globalgovernanceprogramme.eui.eu/gifi/,./countries/Belize#goodpractice,Belize.Pillar 5.Digital Rights Charter
Barbados,BRB,Pillar 5,Digital Rights Charter,https://globalgovernanceprogramme.eui.eu/gifi/,./countries/Barbados#goodpractice,Barbados.Pillar 5.Digital Rights Charter
Iran,IRN,Pillar 1,Digital Rights Charter,https://globalgovernanceprogramme.eui.eu/gifi/,./countries/Iran#goodpractice,Iran.Pillar 1.Digital Rights Charter
Aruba,ABW,Pillar 1,Digital Rights Charter,https://globalgovernanceprogramme.eui.eu/gifi/,./countries/Aruba#goodpractice,Aruba.Pillar 1.Digital Rights Charter
Botswana,BWA,Pillar 1,Global Connectivity Mandate,https://globalgovernanceprogramme.eui.eu/gifi/,./countries/Botswana#goodpractice,Botswana.Pillar 1.Global Connectivity Mandate
Belarus,BLR,Pillar 1,Global Connectivity Mandate,https://globalgovernanceprogramme.eui.eu/gifi/,./countries/Belarus#goodpractice,Belarus.Pillar 1.Global Connectivity Mandate
Azerbaijan,AZE,Pillar 1,Global Connectivity Mandate,https://globalgovernanceprogramme.eui.eu/gifi/,./countries/Azerbaijan#goodpractice,Azerbaijan.Pillar 1.Global Connectivity Mandate
Bouvet Island,BVT,Pillar 1,Global Connectivity Mandate,https://globalgovernanceprogramme.eui.eu/gifi/,./countries/BouvetIsland#goodpractice,Bouvet Island.Pillar 1.Global Connectivity Mandate
Belize,BLZ,Pillar 1,Global Connectivity Mandate,https://globalgovernanceprogramme.eui.eu/gifi/,./countries/Belize#goodpractice,Belize.Pillar 1.Global Connectivity Mandate
Barbados,BRB,Pillar 1,Global Connectivity Mandate,https://globalgovernanceprogramme.eui.eu/gifi/,./countries/Barbados#goodpractice,Barbados.Pillar 1.Global Connectivity Mandate
Iran,IRN,Pillar 1,Global Connectivity Mandate,https://globalgovernanceprogramme.eui.eu/gifi/,./countries/Iran#goodpractice,Iran.Pillar 1.Global Connectivity Mandate
Aruba,ABW,Pillar 3,Global Connectivity Mandate,https://globalgovernanceprogramme.eui.eu/gifi/,./countries/Aruba#goodpractice,Aruba.Pillar 3.Global Connectivity Mandate
Botswana,BWA,Pillar 3,Cybersecurity Ethics Manual,https://globalgovernanceprogramme.eui.eu/gifi/,./countries/Botswana#goodpractice,Botswana.Pillar 3.Cybersecurity Ethics Manual
Azerbaijan,AZE,Pillar 3,Cybersecurity Ethics Manual,https://globalgovernanceprogramme.eui.eu/gifi/,./countries/Azerbaijan#goodpractice,Azerbaijan.Pillar 3.Cybersecurity Ethics Manual
Bouvet Island,BVT,Pillar 3,Cybersecurity Ethics Manual,https://globalgovernanceprogramme.eui.eu/gifi/,./countries/BouvetIsland#goodpractice,Bouvet Island.Pillar 3.Cybersecurity Ethics Manual
Belize,BLZ,Pillar 3,Cybersecurity Ethics Manual,https://globalgovernanceprogramme.eui.eu/gifi/,./countries/Belize#goodpractice,Belize.Pillar 3.Cybersecurity Ethics Manual
Barbados,BRB,Pillar 3,Cybersecurity Ethics Manual,https://globalgovernanceprogramme.eui.eu/gifi/,./countries/Barbados#goodpractice,Barbados.Pillar 3.Cybersecurity Ethics Manual
Iran,IRN,Pillar 3,Cybersecurity Ethics Manual,https://globalgovernanceprogramme.eui.eu/gifi/,./countries/Iran#goodpractice,Iran.Pillar 3.Cybersecurity Ethics Manual
Aruba,ABW,Pillar 3,Cybersecurity Ethics Manual,https://globalgovernanceprogramme.eui.eu/gifi/,./countries/Aruba#goodpractice,Aruba.Pillar 3.Cybersecurity Ethics Manual
Botswana,BWA,Pillar 3,Open Access Blueprint,https://globalgovernanceprogramme.eui.eu/gifi/,./countries/Botswana#goodpractice,Botswana.Pillar 3.Open Access Blueprint
Azerbaijan,AZE,Pillar 3,Open Access Blueprint,https://globalgovernanceprogramme.eui.eu/gifi/,./countries/Azerbaijan#goodpractice,Azerbaijan.Pillar 3.Open Access Blueprint
Bouvet Island,BVT,Pillar 3,Open Access Blueprint,https://globalgovernanceprogramme.eui.eu/gifi/,./countries/BouvetIsland#goodpractice,Bouvet Island.Pillar 3.Open Access Blueprint
Belize,BLZ,Pillar 3,Open Access Blueprint,https://globalgovernanceprogramme.eui.eu/gifi/,./countries/Belize#goodpractice,Belize.Pillar 3.Open Access Blueprint
Barbados,BRB,Pillar 3,Open Access Blueprint,https://globalgovernanceprogramme.eui.eu/gifi/,./countries/Barbados#goodpractice,Barbados.Pillar 3.Open Access Blueprint
Iran,IRN,Pillar 3,Open Access Blueprint,https://globalgovernanceprogramme.eui.eu/gifi/,./countries/Iran#goodpractice,Iran.Pillar 3.Open Access Blueprint
Aruba,ABW,Pillar 2,Open Access Blueprint,https://globalgovernanceprogramme.eui.eu/gifi/,./countries/Aruba#goodpractice,Aruba.Pillar 2.Open Access Blueprint
Botswana,BWA,Pillar 2,Digital Inclusivity Guide,https://globalgovernanceprogramme.eui.eu/gifi/,./countries/Botswana#goodpractice,Botswana.Pillar 2.Digital Inclusivity Guide
Azerbaijan,AZE,Pillar 2,Digital Inclusivity Guide,https://globalgovernanceprogramme.eui.eu/gifi/,./countries/Azerbaijan#goodpractice,Azerbaijan.Pillar 2.Digital Inclusivity Guide
Bouvet Island,BVT,Pillar 2,Digital Inclusivity Guide,https://globalgovernanceprogramme.eui.eu/gifi/,./countries/BouvetIsland#goodpractice,Bouvet Island.Pillar 2.Digital Inclusivity Guide
Belize,BLZ,Pillar 3,Digital Inclusivity Guide,https://globalgovernanceprogramme.eui.eu/gifi/,./countries/Belize#goodpractice,Belize.Pillar 3.Digital Inclusivity Guide
Barbados,BRB,Pillar 3,Digital Inclusivity Guide,https://globalgovernanceprogramme.eui.eu/gifi/,./countries/Barbados#goodpractice,Barbados.Pillar 3.Digital Inclusivity Guide
Iran,IRN,Pillar 3,Digital Inclusivity Guide,https://globalgovernanceprogramme.eui.eu/gifi/,./countries/Iran#goodpractice,Iran.Pillar 3.Digital Inclusivity Guide
Aruba,ABW,Pillar 1,Open Access Blueprint,https://globalgovernanceprogramme.eui.eu/gifi/,./countries/Aruba#goodpractice,Aruba.Pillar 1.Open Access Blueprint
Aruba,ABW,Pillar 1,Cybersecurity Ethics Manual,https://globalgovernanceprogramme.eui.eu/gifi/,./countries/Aruba#goodpractice,Aruba.Pillar 1.Cybersecurity Ethics Manual
Aruba,ABW,Pillar 1,Open Access Blueprint,https://globalgovernanceprogramme.eui.eu/gifi/,./countries/Aruba#goodpractice,Aruba.Pillar 1.Open Access Blueprint
Aruba,ABW,Pillar 3,Digital Inclusivity Guide,https://globalgovernanceprogramme.eui.eu/gifi/,./countries/Aruba#goodpractice,Aruba.Pillar 3.Digital Inclusivity Guide
Aruba,ABW,Pillar 2,User Privacy Protocol,https://globalgovernanceprogramme.eui.eu/gifi/,./countries/Aruba#goodpractice,Aruba.Pillar 2.User Privacy Protocol
Aruba,ABW,Pillar 2,Global Net Neutrality Principles,https://globalgovernanceprogramme.eui.eu/gifi/,./countries/Aruba#goodpractice,Aruba.Pillar 2.Global Net Neutrality Principles
Aruba,ABW,Pillar 2,Freedom of Expression Index,https://globalgovernanceprogramme.eui.eu/gifi/,./countries/Aruba#goodpractice,Aruba.Pillar 2.Freedom of Expression Index
Aruba,ABW,Pillar 2,Internet Governance Accord,https://globalgovernanceprogramme.eui.eu/gifi/,./countries/Aruba#goodpractice,Aruba.Pillar 2.Internet Governance Accord
Aruba,ABW,Pillar 2,Data Protection Standards,https://globalgovernanceprogramme.eui.eu/gifi/,./countries/Aruba#goodpractice,Aruba.Pillar 2.Data Protection Standards
Aruba,ABW,Pillar 4,Cyber Rights Convention,https://globalgovernanceprogramme.eui.eu/gifi/,./countries/Aruba#goodpractice,Aruba.Pillar 4.Cyber Rights Convention
Aruba,ABW,Pillar 4,Cybersecurity Ethics Manual,https://globalgovernanceprogramme.eui.eu/gifi/,./countries/Aruba#goodpractice,Aruba.Pillar 4.Cybersecurity Ethics Manual
Aruba,ABW,Pillar 4,Open Access Blueprint,https://globalgovernanceprogramme.eui.eu/gifi/,./countries/Aruba#goodpractice,Aruba.Pillar 4.Open Access Blueprint
Azerbaijan,AZE,Pillar 1,Internet Governance Accord,https://globalgovernanceprogramme.eui.eu/gifi/,./countries/Azerbaijan#goodpractice,Azerbaijan.Pillar 1.Internet Governance Accord
Azerbaijan,AZE,Pillar 5,Cybersecurity Ethics Manual,https://globalgovernanceprogramme.eui.eu/gifi/,./countries/Azerbaijan#goodpractice,Azerbaijan.Pillar 5.Cybersecurity Ethics Manual
Azerbaijan,AZE,Pillar 5,Open Access Blueprint,https://globalgovernanceprogramme.eui.eu/gifi/,./countries/Azerbaijan#goodpractice,Azerbaijan.Pillar 5.Open Access Blueprint
Azerbaijan,AZE,Pillar 2,Digital Inclusivity Guide,https://globalgovernanceprogramme.eui.eu/gifi/,./countries/Azerbaijan#goodpractice,Azerbaijan.Pillar 2.Digital Inclusivity Guide
Azerbaijan,AZE,Pillar 3,User Privacy Protocol,https://globalgovernanceprogramme.eui.eu/gifi/,./countries/Azerbaijan#goodpractice,Azerbaijan.Pillar 3.User Privacy Protocol
Azerbaijan,AZE,Pillar 3,Global Net Neutrality Principles,https://globalgovernanceprogramme.eui.eu/gifi/,./countries/Azerbaijan#goodpractice,Azerbaijan.Pillar 3.Global Net Neutrality Principles
Azerbaijan,AZE,Pillar 3,Freedom of Expression Index,https://globalgovernanceprogramme.eui.eu/gifi/,./countries/Azerbaijan#goodpractice,Azerbaijan.Pillar 3.Freedom of Expression Index
Azerbaijan,AZE,Pillar 3,Internet Governance Accord,https://globalgovernanceprogramme.eui.eu/gifi/,./countries/Azerbaijan#goodpractice,Azerbaijan.Pillar 3.Internet Governance Accord
Azerbaijan,AZE,Pillar 3,Data Protection Standards,https://globalgovernanceprogramme.eui.eu/gifi/,./countries/Azerbaijan#goodpractice,Azerbaijan.Pillar 3.Data Protection Standards
Azerbaijan,AZE,Pillar 4,Cyber Rights Convention,https://globalgovernanceprogramme.eui.eu/gifi/,./countries/Azerbaijan#goodpractice,Azerbaijan.Pillar 4.Cyber Rights Convention
Azerbaijan,AZE,Pillar 4,Cybersecurity Ethics Manual,https://globalgovernanceprogramme.eui.eu/gifi/,./countries/Azerbaijan#goodpractice,Azerbaijan.Pillar 4.Cybersecurity Ethics Manual
Azerbaijan,AZE,Pillar 4,Open Access Blueprint,https://globalgovernanceprogramme.eui.eu/gifi/,./countries/Azerbaijan#goodpractice,Azerbaijan.Pillar 4.Open Access Blueprint
Azerbaijan,AZE,Pillar 5,Open Access Blueprint,https://globalgovernanceprogramme.eui.eu/gifi/,./countries/Azerbaijan#goodpractice,Azerbaijan.Pillar 5.Open Access Blueprint
Azerbaijan,AZE,Pillar 5,Digital Inclusivity Guide,https://globalgovernanceprogramme.eui.eu/gifi/,./countries/Azerbaijan#goodpractice,Azerbaijan.Pillar 5.Digital Inclusivity Guide
Azerbaijan,AZE,Pillar 5,User Privacy Protocol,https://globalgovernanceprogramme.eui.eu/gifi/,./countries/Azerbaijan#goodpractice,Azerbaijan.Pillar 5.User Privacy Protocol
Barbados,BRB,Pillar 5,Global Net Neutrality Principles,https://globalgovernanceprogramme.eui.eu/gifi/,./countries/Barbados#goodpractice,Barbados.Pillar 5.Global Net Neutrality Principles
Barbados,BRB,Pillar 5,Cybersecurity Ethics Manual,https://globalgovernanceprogramme.eui.eu/gifi/,./countries/Barbados#goodpractice,Barbados.Pillar 5.Cybersecurity Ethics Manual
Barbados,BRB,Pillar 1,Open Access Blueprint,https://globalgovernanceprogramme.eui.eu/gifi/,./countries/Barbados#goodpractice,Barbados.Pillar 1.Open Access Blueprint
Barbados,BRB,Pillar 3,Digital Inclusivity Guide,https://globalgovernanceprogramme.eui.eu/gifi/,./countries/Barbados#goodpractice,Barbados.Pillar 3.Digital Inclusivity Guide
Barbados,BRB,Pillar 3,User Privacy Protocol,https://globalgovernanceprogramme.eui.eu/gifi/,./countries/Barbados#goodpractice,Barbados.Pillar 3.User Privacy Protocol
Barbados,BRB,Pillar 3,Global Net Neutrality Principles,https://globalgovernanceprogramme.eui.eu/gifi/,./countries/Barbados#goodpractice,Barbados.Pillar 3.Global Net Neutrality Principles
Barbados,BRB,Pillar 3,Freedom of Expression Index,https://globalgovernanceprogramme.eui.eu/gifi/,./countries/Barbados#goodpractice,Barbados.Pillar 3.Freedom of Expression Index
Barbados,BRB,Pillar 3,Internet Governance Accord,https://globalgovernanceprogramme.eui.eu/gifi/,./countries/Barbados#goodpractice,Barbados.Pillar 3.Internet Governance Accord
Barbados,BRB,Pillar 3,Data Protection Standards,https://globalgovernanceprogramme.eui.eu/gifi/,./countries/Barbados#goodpractice,Barbados.Pillar 3.Data Protection Standards
Barbados,BRB,Pillar 4,Cyber Rights Convention,https://globalgovernanceprogramme.eui.eu/gifi/,./countries/Barbados#goodpractice,Barbados.Pillar 4.Cyber Rights Convention
Barbados,BRB,Pillar 4,Cybersecurity Ethics Manual,https://globalgovernanceprogramme.eui.eu/gifi/,./countries/Barbados#goodpractice,Barbados.Pillar 4.Cybersecurity Ethics Manual
Barbados,BRB,Pillar 4,Open Access Blueprint,https://globalgovernanceprogramme.eui.eu/gifi/,./countries/Barbados#goodpractice,Barbados.Pillar 4.Open Access Blueprint
Belarus,BLR,Pillar 1,Global Net Neutrality Principles,https://globalgovernanceprogramme.eui.eu/gifi/,./countries/Belarus#goodpractice,Belarus.Pillar 1.Global Net Neutrality Principles
Belarus,BLR,Pillar 1,Cybersecurity Ethics Manual,https://globalgovernanceprogramme.eui.eu/gifi/,./countries/Belarus#goodpractice,Belarus.Pillar 1.Cybersecurity Ethics Manual
Belarus,BLR,Pillar 1,Open Access Blueprint,https://globalgovernanceprogramme.eui.eu/gifi/,./countries/Belarus#goodpractice,Belarus.Pillar 1.Open Access Blueprint
Belgium,BEL,Pillar 5,Global Net Neutrality Principles,https://globalgovernanceprogramme.eui.eu/gifi/,./countries/Belgium#goodpractice,Belgium.Pillar 5.Global Net Neutrality Principles
Belgium,BEL,Pillar 5,Cybersecurity Ethics Manual,https://globalgovernanceprogramme.eui.eu/gifi/,./countries/Belgium#goodpractice,Belgium.Pillar 5.Cybersecurity Ethics Manual
Belize,BLZ,Pillar 1,Open Access Blueprint,https://globalgovernanceprogramme.eui.eu/gifi/,./countries/Belize#goodpractice,Belize.Pillar 1.Open Access Blueprint
Belize,BLZ,Pillar 1,Digital Inclusivity Guide,https://globalgovernanceprogramme.eui.eu/gifi/,./countries/Belize#goodpractice,Belize.Pillar 1.Digital Inclusivity Guide
Belize,BLZ,Pillar 1,User Privacy Protocol,https://globalgovernanceprogramme.eui.eu/gifi/,./countries/Belize#goodpractice,Belize.Pillar 1.User Privacy Protocol
Belize,BLZ,Pillar 3,Global Net Neutrality Principles,https://globalgovernanceprogramme.eui.eu/gifi/,./countries/Belize#goodpractice,Belize.Pillar 3.Global Net Neutrality Principles
Belize,BLZ,Pillar 3,Freedom of Expression Index,https://globalgovernanceprogramme.eui.eu/gifi/,./countries/Belize#goodpractice,Belize.Pillar 3.Freedom of Expression Index
Belize,BLZ,Pillar 3,Internet Governance Accord,https://globalgovernanceprogramme.eui.eu/gifi/,./countries/Belize#goodpractice,Belize.Pillar 3.Internet Governance Accord
Belize,BLZ,Pillar 3,Data Protection Standards,https://globalgovernanceprogramme.eui.eu/gifi/,./countries/Belize#goodpractice,Belize.Pillar 3.Data Protection Standards
Belize,BLZ,Pillar 3,Cyber Rights Convention,https://globalgovernanceprogramme.eui.eu/gifi/,./countries/Belize#goodpractice,Belize.Pillar 3.Cyber Rights Convention
Belize,BLZ,Pillar 3,Cybersecurity Ethics Manual,https://globalgovernanceprogramme.eui.eu/gifi/,./countries/Belize#goodpractice,Belize.Pillar 3.Cybersecurity Ethics Manual
Belize,BLZ,Pillar 4,Open Access Blueprint,https://globalgovernanceprogramme.eui.eu/gifi/,./countries/Belize#goodpractice,Belize.Pillar 4.Open Access Blueprint
Belize,BLZ,Pillar 4,Digital Inclusivity Guide,https://globalgovernanceprogramme.eui.eu/gifi/,./countries/Belize#goodpractice,Belize.Pillar 4.Digital Inclusivity Guide
Belize,BLZ,Pillar 4,Open Access Blueprint,https://globalgovernanceprogramme.eui.eu/gifi/,./countries/Belize#goodpractice,Belize.Pillar 4.Open Access Blueprint
Botswana,BWA,Pillar 1,Open Access Blueprint,https://globalgovernanceprogramme.eui.eu/gifi/,./countries/Botswana#goodpractice,Botswana.Pillar 1.Open Access Blueprint
Botswana,BWA,Pillar 1,Digital Inclusivity Guide,https://globalgovernanceprogramme.eui.eu/gifi/,./countries/Botswana#goodpractice,Botswana.Pillar 1.Digital Inclusivity Guide
Botswana,BWA,Pillar 1,User Privacy Protocol,https://globalgovernanceprogramme.eui.eu/gifi/,./countries/Botswana#goodpractice,Botswana.Pillar 1.User Privacy Protocol
Botswana,BWA,Pillar 3,Global Net Neutrality Principles,https://globalgovernanceprogramme.eui.eu/gifi/,./countries/Botswana#goodpractice,Botswana.Pillar 3.Global Net Neutrality Principles
Botswana,BWA,Pillar 3,Freedom of Expression Index,https://globalgovernanceprogramme.eui.eu/gifi/,./countries/Botswana#goodpractice,Botswana.Pillar 3.Freedom of Expression Index
Botswana,BWA,Pillar 3,Internet Governance Accord,https://globalgovernanceprogramme.eui.eu/gifi/,./countries/Botswana#goodpractice,Botswana.Pillar 3.Internet Governance Accord
Botswana,BWA,Pillar 3,Data Protection Standards,https://globalgovernanceprogramme.eui.eu/gifi/,./countries/Botswana#goodpractice,Botswana.Pillar 3.Data Protection Standards
Botswana,BWA,Pillar 3,Cyber Rights Convention,https://globalgovernanceprogramme.eui.eu/gifi/,./countries/Botswana#goodpractice,Botswana.Pillar 3.Cyber Rights Convention
Botswana,BWA,Pillar 3,Cybersecurity Ethics Manual,https://globalgovernanceprogramme.eui.eu/gifi/,./countries/Botswana#goodpractice,Botswana.Pillar 3.Cybersecurity Ethics Manual
Botswana,BWA,Pillar 4,Open Access Blueprint,https://globalgovernanceprogramme.eui.eu/gifi/,./countries/Botswana#goodpractice,Botswana.Pillar 4.Open Access Blueprint
Botswana,BWA,Pillar 4,Digital Inclusivity Guide,https://globalgovernanceprogramme.eui.eu/gifi/,./countries/Botswana#goodpractice,Botswana.Pillar 4.Digital Inclusivity Guide
Botswana,BWA,Pillar 4,Open Access Blueprint,https://globalgovernanceprogramme.eui.eu/gifi/,./countries/Botswana#goodpractice,Botswana.Pillar 4.Open Access Blueprint
Botswana,BWA,Pillar 5,Global Net Neutrality Principles,https://globalgovernanceprogramme.eui.eu/gifi/,./countries/Botswana#goodpractice,Botswana.Pillar 5.Global Net Neutrality Principles
Bouvet Island,BVT,Pillar 1,Open Access Blueprint,https://globalgovernanceprogramme.eui.eu/gifi/,./countries/BouvetIsland#goodpractice,Bouvet Island.Pillar 1.Open Access Blueprint
Bouvet Island,BVT,Pillar 1,Digital Inclusivity Guide,https://globalgovernanceprogramme.eui.eu/gifi/,./countries/BouvetIsland#goodpractice,Bouvet Island.Pillar 1.Digital Inclusivity Guide
Bouvet Island,BVT,Pillar 1,User Privacy Protocol,https://globalgovernanceprogramme.eui.eu/gifi/,./countries/BouvetIsland#goodpractice,Bouvet Island.Pillar 1.User Privacy Protocol
Bouvet Island,BVT,Pillar 3,Global Net Neutrality Principles,https://globalgovernanceprogramme.eui.eu/gifi/,./countries/BouvetIsland#goodpractice,Bouvet Island.Pillar 3.Global Net Neutrality Principles
Bouvet Island,BVT,Pillar 3,Freedom of Expression Index,https://globalgovernanceprogramme.eui.eu/gifi/,./countries/BouvetIsland#goodpractice,Bouvet Island.Pillar 3.Freedom of Expression Index
Bouvet Island,BVT,Pillar 3,Internet Governance Accord,https://globalgovernanceprogramme.eui.eu/gifi/,./countries/BouvetIsland#goodpractice,Bouvet Island.Pillar 3.Internet Governance Accord
Bouvet Island,BVT,Pillar 3,Data Protection Standards,https://globalgovernanceprogramme.eui.eu/gifi/,./countries/BouvetIsland#goodpractice,Bouvet Island.Pillar 3.Data Protection Standards
Bouvet Island,BVT,Pillar 3,Cyber Rights Convention,https://globalgovernanceprogramme.eui.eu/gifi/,./countries/BouvetIsland#goodpractice,Bouvet Island.Pillar 3.Cyber Rights Convention
Bouvet Island,BVT,Pillar 3,Global Digital Rights Agreement,https://globalgovernanceprogramme.eui.eu/gifi/,./countries/BouvetIsland#goodpractice,Bouvet Island.Pillar 3.Global Digital Rights Agreement
Bouvet Island,BVT,Pillar 4,Digital Democracy Manifesto,https://globalgovernanceprogramme.eui.eu/gifi/,./countries/BouvetIsland#goodpractice,Bouvet Island.Pillar 4.Digital Democracy Manifesto
Bouvet Island,BVT,Pillar 4,Online Transparency Code,https://globalgovernanceprogramme.eui.eu/gifi/,./countries/BouvetIsland#goodpractice,Bouvet Island.Pillar 4.Online Transparency Code
Bouvet Island,BVT,Pillar 4,Internet Freedom Directive,https://globalgovernanceprogramme.eui.eu/gifi/,./countries/BouvetIsland#goodpractice,Bouvet Island.Pillar 4.Internet Freedom Directive
Bouvet Island,BVT,Pillar 5,Digital Literacy Strategy,https://globalgovernanceprogramme.eui.eu/gifi/,./countries/BouvetIsland#goodpractice,Bouvet Island.Pillar 5.Digital Literacy Strategy
Iran,IRN,Pillar 5,Open Web Initiative,https://globalgovernanceprogramme.eui.eu/gifi/,./countries/Iran#goodpractice,Iran.Pillar 5.Open Web Initiative
Iran,IRN,Pillar 5,Digital Sovereignty Report,https://globalgovernanceprogramme.eui.eu/gifi/,./countries/Iran#goodpractice,Iran.Pillar 5.Digital Sovereignty Report
Iran,IRN,Pillar 5,Innovative Tech Charter,https://globalgovernanceprogramme.eui.eu/gifi/,./countries/Iran#goodpractice,Iran.Pillar 5.Innovative Tech Charter
Iran,IRN,Pillar 3,Universal Internet Access Treaty,https://globalgovernanceprogramme.eui.eu/gifi/,./countries/Iran#goodpractice,Iran.Pillar 3.Universal Internet Access Treaty
Iran,IRN,Pillar 3,Global Digital Rights Agreement,https://globalgovernanceprogramme.eui.eu/gifi/,./countries/Iran#goodpractice,Iran.Pillar 3.Global Digital Rights Agreement
Iran,IRN,Pillar 2,Digital Democracy Manifesto,https://globalgovernanceprogramme.eui.eu/gifi/,./countries/Iran#goodpractice,Iran.Pillar 2.Digital Democracy Manifesto
Iran,IRN,Pillar 2,Online Transparency Code,https://globalgovernanceprogramme.eui.eu/gifi/,./countries/Iran#goodpractice,Iran.Pillar 2.Online Transparency Code
Iran,IRN,Pillar 2,Internet Freedom Directive,https://globalgovernanceprogramme.eui.eu/gifi/,./countries/Iran#goodpractice,Iran.Pillar 2.Internet Freedom Directive
Iran,IRN,Pillar 2,Secure Communication Pact,https://globalgovernanceprogramme.eui.eu/gifi/,./countries/Iran#goodpractice,Iran.Pillar 2.Secure Communication Pact
Iran,IRN,Pillar 4,Public Domain Expansion Guide,https://globalgovernanceprogramme.eui.eu/gifi/,./countries/Iran#goodpractice,Iran.Pillar 4.Public Domain Expansion Guide
Iran,IRN,Pillar 4,Secure Communication Pact,https://globalgovernanceprogramme.eui.eu/gifi/,./countries/Iran#goodpractice,Iran.Pillar 4.Secure Communication Pact
Iran,IRN,Pillar 4,Public Domain Expansion Guide,https://globalgovernanceprogramme.eui.eu/gifi/,./countries/Iran#goodpractice,Iran.Pillar 4.Public Domain Expansion Guide
Iran,IRN,Pillar 5,Global Digital Rights Agreement,https://globalgovernanceprogramme.eui.eu/gifi/,./countries/Iran#goodpractice,Iran.Pillar 5.Global Digital Rights Agreement
Iran,IRN,Pillar 5,Digital Democracy Manifesto,https://globalgovernanceprogramme.eui.eu/gifi/,./countries/Iran#goodpractice,Iran.Pillar 5.Digital Democracy Manifesto
Iran,IRN,Pillar 5,Online Transparency Code,https://globalgovernanceprogramme.eui.eu/gifi/,./countries/Iran#goodpractice,Iran.Pillar 5.Online Transparency Code
Iran,IRN,Pillar 5,Internet Freedom Directive,https://globalgovernanceprogramme.eui.eu/gifi/,./countries/Iran#goodpractice,Iran.Pillar 5.Internet Freedom Directive
Spain,ESP,Pillar 5,Secure Communication Pact,https://globalgovernanceprogramme.eui.eu/gifi/,./countries/Spain#goodpractice,Spain.Pillar 5.Secure Communication Pact
Spain,ESP,Pillar 5,Public Domain Expansion Guide,https://globalgovernanceprogramme.eui.eu/gifi/,./countries/Spain#goodpractice,Spain.Pillar 5.Public Domain Expansion Guide
Spain,ESP,Pillar 5,Digital Literacy Strategy,https://globalgovernanceprogramme.eui.eu/gifi/,./countries/Spain#goodpractice,Spain.Pillar 5.Digital Literacy Strategy
Aruba,ABW,Pillar 1,Global Cyber Defense Policy,https://globalgovernanceprogramme.eui.eu/gifi/,./countries/Aruba#goodpractice,Aruba.Pillar 1.Global Cyber Defense Policy
Aruba,ABW,Pillar 1,Open Web Initiative,https://globalgovernanceprogramme.eui.eu/gifi/,./countries/Aruba#goodpractice,Aruba.Pillar 1.Open Web Initiative
Aruba,ABW,Pillar 1,Digital Sovereignty Report,https://globalgovernanceprogramme.eui.eu/gifi/,./countries/Aruba#goodpractice,Aruba.Pillar 1.Digital Sovereignty Report
Aruba,ABW,Pillar 1,Global Digital Rights Agreement,https://globalgovernanceprogramme.eui.eu/gifi/,./countries/Aruba#goodpractice,Aruba.Pillar 1.Global Digital Rights Agreement
Aruba,ABW,Pillar 1,Digital Democracy Manifesto,https://globalgovernanceprogramme.eui.eu/gifi/,./countries/Aruba#goodpractice,Aruba.Pillar 1.Digital Democracy Manifesto
Aruba,ABW,Pillar 1,Online Transparency Code,https://globalgovernanceprogramme.eui.eu/gifi/,./countries/Aruba#goodpractice,Aruba.Pillar 1.Online Transparency Code
Aruba,ABW,Pillar 2,Internet Freedom Directive,https://globalgovernanceprogramme.eui.eu/gifi/,./countries/Aruba#goodpractice,Aruba.Pillar 2.Internet Freedom Directive
Aruba,ABW,Pillar 3,Secure Communication Pact,https://globalgovernanceprogramme.eui.eu/gifi/,./countries/Aruba#goodpractice,Aruba.Pillar 3.Secure Communication Pact
Aruba,ABW,Pillar 3,Public Domain Expansion Guide,https://globalgovernanceprogramme.eui.eu/gifi/,./countries/Aruba#goodpractice,Aruba.Pillar 3.Public Domain Expansion Guide
Aruba,ABW,Pillar 3,Digital Literacy Strategy,https://globalgovernanceprogramme.eui.eu/gifi/,./countries/Aruba#goodpractice,Aruba.Pillar 3.Digital Literacy Strategy
Aruba,ABW,Pillar 3,Global Cyber Defense Policy,https://globalgovernanceprogramme.eui.eu/gifi/,./countries/Aruba#goodpractice,Aruba.Pillar 3.Global Cyber Defense Policy
Aruba,ABW,Pillar 3,Open Web Initiative,https://globalgovernanceprogramme.eui.eu/gifi/,./countries/Aruba#goodpractice,Aruba.Pillar 3.Open Web Initiative
Aruba,ABW,Pillar 3,Universal Internet Access Treaty,https://globalgovernanceprogramme.eui.eu/gifi/,./countries/Aruba#goodpractice,Aruba.Pillar 3.Universal Internet Access Treaty
Aruba,ABW,Pillar 3,Global Digital Rights Agreement,https://globalgovernanceprogramme.eui.eu/gifi/,./countries/Aruba#goodpractice,Aruba.Pillar 3.Global Digital Rights Agreement
Aruba,ABW,Pillar 3,Digital Democracy Manifesto,https://globalgovernanceprogramme.eui.eu/gifi/,./countries/Aruba#goodpractice,Aruba.Pillar 3.Digital Democracy Manifesto
Aruba,ABW,Pillar 3,Online Transparency Code,https://globalgovernanceprogramme.eui.eu/gifi/,./countries/Aruba#goodpractice,Aruba.Pillar 3.Online Transparency Code
Aruba,ABW,Pillar 3,Internet Freedom Directive,https://globalgovernanceprogramme.eui.eu/gifi/,./countries/Aruba#goodpractice,Aruba.Pillar 3.Internet Freedom Directive
Aruba,ABW,Pillar 3,Secure Communication Pact,https://globalgovernanceprogramme.eui.eu/gifi/,./countries/Aruba#goodpractice,Aruba.Pillar 3.Secure Communication Pact
Aruba,ABW,Pillar 4,Public Domain Expansion Guide,https://globalgovernanceprogramme.eui.eu/gifi/,./countries/Aruba#goodpractice,Aruba.Pillar 4.Public Domain Expansion Guide
Aruba,ABW,Pillar 4,Secure Communication Pact,https://globalgovernanceprogramme.eui.eu/gifi/,./countries/Aruba#goodpractice,Aruba.Pillar 4.Secure Communication Pact
Aruba,ABW,Pillar 4,Public Domain Expansion Guide,https://globalgovernanceprogramme.eui.eu/gifi/,./countries/Aruba#goodpractice,Aruba.Pillar 4.Public Domain Expansion Guide
Aruba,ABW,Pillar 4,Global Digital Rights Agreement,https://globalgovernanceprogramme.eui.eu/gifi/,./countries/Aruba#goodpractice,Aruba.Pillar 4.Global Digital Rights Agreement
Aruba,ABW,Pillar 4,Digital Democracy Manifesto,https://globalgovernanceprogramme.eui.eu/gifi/,./countries/Aruba#goodpractice,Aruba.Pillar 4.Digital Democracy Manifesto
Aruba,ABW,Pillar 4,Online Transparency Code,https://globalgovernanceprogramme.eui.eu/gifi/,./countries/Aruba#goodpractice,Aruba.Pillar 4.Online Transparency Code
Aruba,ABW,Pillar 5,Public Domain Expansion Guide,https://globalgovernanceprogramme.eui.eu/gifi/,./countries/Aruba#goodpractice,Aruba.Pillar 5.Public Domain Expansion Guide
Aruba,ABW,Pillar 5,Digital Literacy Strategy,https://globalgovernanceprogramme.eui.eu/gifi/,./countries/Aruba#goodpractice,Aruba.Pillar 5.Digital Literacy Strategy
Aruba,ABW,Pillar 5,Global Cyber Defense Policy,https://globalgovernanceprogramme.eui.eu/gifi/,./countries/Aruba#goodpractice,Aruba.Pillar 5.Global Cyber Defense Policy
Aruba,ABW,Pillar 5,Online Transparency Code,https://globalgovernanceprogramme.eui.eu/gifi/,./countries/Aruba#goodpractice,Aruba.Pillar 5.Online Transparency Code
Australia,AUS,Pillar 1,Internet Freedom Directive,https://globalgovernanceprogramme.eui.eu/gifi/,./countries/Australia#goodpractice,Australia.Pillar 1.Internet Freedom Directive
Australia,AUS,Pillar 5,Secure Communication Pact,https://globalgovernanceprogramme.eui.eu/gifi/,./countries/Australia#goodpractice,Australia.Pillar 5.Secure Communication Pact
Australia,AUS,Pillar 5,Public Domain Expansion Guide,https://globalgovernanceprogramme.eui.eu/gifi/,./countries/Australia#goodpractice,Australia.Pillar 5.Public Domain Expansion Guide
Australia,AUS,Pillar 5,Secure Communication Pact,https://globalgovernanceprogramme.eui.eu/gifi/,./countries/Australia#goodpractice,Australia.Pillar 5.Secure Communication Pact
Australia,AUS,Pillar 1,Public Domain Expansion Guide,https://globalgovernanceprogramme.eui.eu/gifi/,./countries/Australia#goodpractice,Australia.Pillar 1.Public Domain Expansion Guide
Australia,AUS,Pillar 1,Global Digital Rights Agreement,https://globalgovernanceprogramme.eui.eu/gifi/,./countries/Australia#goodpractice,Australia.Pillar 1.Global Digital Rights Agreement
Australia,AUS,Pillar 3,Digital Democracy Manifesto,https://globalgovernanceprogramme.eui.eu/gifi/,./countries/Australia#goodpractice,Australia.Pillar 3.Digital Democracy Manifesto
Australia,AUS,Pillar 3,Online Transparency Code,https://globalgovernanceprogramme.eui.eu/gifi/,./countries/Australia#goodpractice,Australia.Pillar 3.Online Transparency Code
Australia,AUS,Pillar 3,Internet Freedom Directive,https://globalgovernanceprogramme.eui.eu/gifi/,./countries/Australia#goodpractice,Australia.Pillar 3.Internet Freedom Directive
Australia,AUS,Pillar 3,Secure Communication Pact,https://globalgovernanceprogramme.eui.eu/gifi/,./countries/Australia#goodpractice,Australia.Pillar 3.Secure Communication Pact
Australia,AUS,Pillar 3,Public Domain Expansion Guide,https://globalgovernanceprogramme.eui.eu/gifi/,./countries/Australia#goodpractice,Australia.Pillar 3.Public Domain Expansion Guide
Australia,AUS,Pillar 3,Digital Literacy Strategy,https://globalgovernanceprogramme.eui.eu/gifi/,./countries/Australia#goodpractice,Australia.Pillar 3.Digital Literacy Strategy
Australia,AUS,Pillar 3,Global Cyber Defense Policy,https://globalgovernanceprogramme.eui.eu/gifi/,./countries/Australia#goodpractice,Australia.Pillar 3.Global Cyber Defense Policy
Australia,AUS,Pillar 2,Open Web Initiative,https://globalgovernanceprogramme.eui.eu/gifi/,./countries/Australia#goodpractice,Australia.Pillar 2.Open Web Initiative
Australia,AUS,Pillar 2,Universal Internet Access Treaty,https://globalgovernanceprogramme.eui.eu/gifi/,./countries/Australia#goodpractice,Australia.Pillar 2.Universal Internet Access Treaty
Australia,AUS,Pillar 2,Global Digital Rights Agreement,https://globalgovernanceprogramme.eui.eu/gifi/,./countries/Australia#goodpractice,Australia.Pillar 2.Global Digital Rights Agreement
Australia,AUS,Pillar 2,Digital Democracy Manifesto,https://globalgovernanceprogramme.eui.eu/gifi/,./countries/Australia#goodpractice,Australia.Pillar 2.Digital Democracy Manifesto
Australia,AUS,Pillar 2,Online Transparency Code,https://globalgovernanceprogramme.eui.eu/gifi/,./countries/Australia#goodpractice,Australia.Pillar 2.Online Transparency Code
Australia,AUS,Pillar 4,Internet Freedom Directive,https://globalgovernanceprogramme.eui.eu/gifi/,./countries/Australia#goodpractice,Australia.Pillar 4.Internet Freedom Directive
Australia,AUS,Pillar 4,Secure Communication Pact,https://globalgovernanceprogramme.eui.eu/gifi/,./countries/Australia#goodpractice,Australia.Pillar 4.Secure Communication Pact
Australia,AUS,Pillar 4,Public Domain Expansion Guide,https://globalgovernanceprogramme.eui.eu/gifi/,./countries/Australia#goodpractice,Australia.Pillar 4.Public Domain Expansion Guide
Australia,AUS,Pillar 4,Secure Communication Pact,https://globalgovernanceprogramme.eui.eu/gifi/,./countries/Australia#goodpractice,Australia.Pillar 4.Secure Communication Pact
Australia,AUS,Pillar 4,Public Domain Expansion Guide,https://globalgovernanceprogramme.eui.eu/gifi/,./countries/Australia#goodpractice,Australia.Pillar 4.Public Domain Expansion Guide
Australia,AUS,Pillar 4,Global Digital Rights Agreement,https://globalgovernanceprogramme.eui.eu/gifi/,./countries/Australia#goodpractice,Australia.Pillar 4.Global Digital Rights Agreement
Australia,AUS,Pillar 5,Digital Democracy Manifesto,https://globalgovernanceprogramme.eui.eu/gifi/,./countries/Australia#goodpractice,Australia.Pillar 5.Digital Democracy Manifesto
Australia,AUS,Pillar 5,Online Transparency Code,https://globalgovernanceprogramme.eui.eu/gifi/,./countries/Australia#goodpractice,Australia.Pillar 5.Online Transparency Code
Azerbaijan,AZE,Pillar 1,Universal Internet Access Treaty,https://globalgovernanceprogramme.eui.eu/gifi/,./countries/Azerbaijan#goodpractice,Azerbaijan.Pillar 1.Universal Internet Access Treaty
Azerbaijan,AZE,Pillar 1,Global Digital Rights Agreement,https://globalgovernanceprogramme.eui.eu/gifi/,./countries/Azerbaijan#goodpractice,Azerbaijan.Pillar 1.Global Digital Rights Agreement
Azerbaijan,AZE,Pillar 1,Digital Democracy Manifesto,https://globalgovernanceprogramme.eui.eu/gifi/,./countries/Azerbaijan#goodpractice,Azerbaijan.Pillar 1.Digital Democracy Manifesto
Azerbaijan,AZE,Pillar 1,Online Transparency Code,https://globalgovernanceprogramme.eui.eu/gifi/,./countries/Azerbaijan#goodpractice,Azerbaijan.Pillar 1.Online Transparency Code
Azerbaijan,AZE,Pillar 1,Internet Freedom Directive,https://globalgovernanceprogramme.eui.eu/gifi/,./countries/Azerbaijan#goodpractice,Azerbaijan.Pillar 1.Internet Freedom Directive
Azerbaijan,AZE,Pillar 1,Secure Communication Pact,https://globalgovernanceprogramme.eui.eu/gifi/,./countries/Azerbaijan#goodpractice,Azerbaijan.Pillar 1.Secure Communication Pact
Azerbaijan,AZE,Pillar 3,Public Domain Expansion Guide,https://globalgovernanceprogramme.eui.eu/gifi/,./countries/Azerbaijan#goodpractice,Azerbaijan.Pillar 3.Public Domain Expansion Guide
Azerbaijan,AZE,Pillar 3,Secure Communication Pact,https://globalgovernanceprogramme.eui.eu/gifi/,./countries/Azerbaijan#goodpractice,Azerbaijan.Pillar 3.Secure Communication Pact
Azerbaijan,AZE,Pillar 3,Public Domain Expansion Guide,https://globalgovernanceprogramme.eui.eu/gifi/,./countries/Azerbaijan#goodpractice,Azerbaijan.Pillar 3.Public Domain Expansion Guide
Azerbaijan,AZE,Pillar 3,Global Digital Rights Agreement,https://globalgovernanceprogramme.eui.eu/gifi/,./countries/Azerbaijan#goodpractice,Azerbaijan.Pillar 3.Global Digital Rights Agreement
Azerbaijan,AZE,Pillar 3,Digital Democracy Manifesto,https://globalgovernanceprogramme.eui.eu/gifi/,./countries/Azerbaijan#goodpractice,Azerbaijan.Pillar 3.Digital Democracy Manifesto
Azerbaijan,AZE,Pillar 3,Online Transparency Code,https://globalgovernanceprogramme.eui.eu/gifi/,./countries/Azerbaijan#goodpractice,Azerbaijan.Pillar 3.Online Transparency Code
Azerbaijan,AZE,Pillar 3,Internet Freedom Directive,https://globalgovernanceprogramme.eui.eu/gifi/,./countries/Azerbaijan#goodpractice,Azerbaijan.Pillar 3.Internet Freedom Directive
Azerbaijan,AZE,Pillar 3,Secure Communication Pact,https://globalgovernanceprogramme.eui.eu/gifi/,./countries/Azerbaijan#goodpractice,Azerbaijan.Pillar 3.Secure Communication Pact
Azerbaijan,AZE,Pillar 2,Public Domain Expansion Guide,https://globalgovernanceprogramme.eui.eu/gifi/,./countries/Azerbaijan#goodpractice,Azerbaijan.Pillar 2.Public Domain Expansion Guide
Azerbaijan,AZE,Pillar 2,Digital Literacy Strategy,https://globalgovernanceprogramme.eui.eu/gifi/,./countries/Azerbaijan#goodpractice,Azerbaijan.Pillar 2.Digital Literacy Strategy
Azerbaijan,AZE,Pillar 2,Global Cyber Defense Policy,https://globalgovernanceprogramme.eui.eu/gifi/,./countries/Azerbaijan#goodpractice,Azerbaijan.Pillar 2.Global Cyber Defense Policy
Azerbaijan,AZE,Pillar 2,Open Web Initiative,https://globalgovernanceprogramme.eui.eu/gifi/,./countries/Azerbaijan#goodpractice,Azerbaijan.Pillar 2.Open Web Initiative
Azerbaijan,AZE,Pillar 4,Universal Internet Access Treaty,https://globalgovernanceprogramme.eui.eu/gifi/,./countries/Azerbaijan#goodpractice,Azerbaijan.Pillar 4.Universal Internet Access Treaty
Azerbaijan,AZE,Pillar 4,Global Digital Rights Agreement,https://globalgovernanceprogramme.eui.eu/gifi/,./countries/Azerbaijan#goodpractice,Azerbaijan.Pillar 4.Global Digital Rights Agreement
Azerbaijan,AZE,Pillar 4,Digital Democracy Manifesto,https://globalgovernanceprogramme.eui.eu/gifi/,./countries/Azerbaijan#goodpractice,Azerbaijan.Pillar 4.Digital Democracy Manifesto
Azerbaijan,AZE,Pillar 4,Online Transparency Code,https://globalgovernanceprogramme.eui.eu/gifi/,./countries/Azerbaijan#goodpractice,Azerbaijan.Pillar 4.Online Transparency Code
Azerbaijan,AZE,Pillar 4,Internet Freedom Directive,https://globalgovernanceprogramme.eui.eu/gifi/,./countries/Azerbaijan#goodpractice,Azerbaijan.Pillar 4.Internet Freedom Directive
Azerbaijan,AZE,Pillar 4,Secure Communication Pact,https://globalgovernanceprogramme.eui.eu/gifi/,./countries/Azerbaijan#goodpractice,Azerbaijan.Pillar 4.Secure Communication Pact
Barbados,BRB,Pillar 1,Public Domain Expansion Guide,https://globalgovernanceprogramme.eui.eu/gifi/,./countries/Barbados#goodpractice,Barbados.Pillar 1.Public Domain Expansion Guide
Barbados,BRB,Pillar 5,Digital Literacy Strategy,https://globalgovernanceprogramme.eui.eu/gifi/,./countries/Barbados#goodpractice,Barbados.Pillar 5.Digital Literacy Strategy
Barbados,BRB,Pillar 5,Global Cyber Defense Policy,https://globalgovernanceprogramme.eui.eu/gifi/,./countries/Barbados#goodpractice,Barbados.Pillar 5.Global Cyber Defense Policy
Barbados,BRB,Pillar 1,Open Web Initiative,https://globalgovernanceprogramme.eui.eu/gifi/,./countries/Barbados#goodpractice,Barbados.Pillar 1.Open Web Initiative
Barbados,BRB,Pillar 1,Universal Internet Access Treaty,https://globalgovernanceprogramme.eui.eu/gifi/,./countries/Barbados#goodpractice,Barbados.Pillar 1.Universal Internet Access Treaty
Barbados,BRB,Pillar 1,Global Digital Rights Agreement,https://globalgovernanceprogramme.eui.eu/gifi/,./countries/Barbados#goodpractice,Barbados.Pillar 1.Global Digital Rights Agreement
Barbados,BRB,Pillar 2,Digital Democracy Manifesto,https://globalgovernanceprogramme.eui.eu/gifi/,./countries/Barbados#goodpractice,Barbados.Pillar 2.Digital Democracy Manifesto
Barbados,BRB,Pillar 2,Online Transparency Code,https://globalgovernanceprogramme.eui.eu/gifi/,./countries/Barbados#goodpractice,Barbados.Pillar 2.Online Transparency Code
Barbados,BRB,Pillar 2,Internet Freedom Directive,https://globalgovernanceprogramme.eui.eu/gifi/,./countries/Barbados#goodpractice,Barbados.Pillar 2.Internet Freedom Directive
Barbados,BRB,Pillar 3,Secure Communication Pact,https://globalgovernanceprogramme.eui.eu/gifi/,./countries/Barbados#goodpractice,Barbados.Pillar 3.Secure Communication Pact
Barbados,BRB,Pillar 3,Public Domain Expansion Guide,https://globalgovernanceprogramme.eui.eu/gifi/,./countries/Barbados#goodpractice,Barbados.Pillar 3.Public Domain Expansion Guide
Barbados,BRB,Pillar 3,Digital Literacy Strategy,https://globalgovernanceprogramme.eui.eu/gifi/,./countries/Barbados#goodpractice,Barbados.Pillar 3.Digital Literacy Strategy
Barbados,BRB,Pillar 3,Global Cyber Defense Policy,https://globalgovernanceprogramme.eui.eu/gifi/,./countries/Barbados#goodpractice,Barbados.Pillar 3.Global Cyber Defense Policy
Barbados,BRB,Pillar 3,Open Web Initiative,https://globalgovernanceprogramme.eui.eu/gifi/,./countries/Barbados#goodpractice,Barbados.Pillar 3.Open Web Initiative
Barbados,BRB,Pillar 3,Digital Sovereignty Report,https://globalgovernanceprogramme.eui.eu/gifi/,./countries/Barbados#goodpractice,Barbados.Pillar 3.Digital Sovereignty Report
Barbados,BRB,Pillar 3,Innovative Tech Charter,https://globalgovernanceprogramme.eui.eu/gifi/,./countries/Barbados#goodpractice,Barbados.Pillar 3.Innovative Tech Charter
Barbados,BRB,Pillar 3,Universal Internet Access Treaty,https://globalgovernanceprogramme.eui.eu/gifi/,./countries/Barbados#goodpractice,Barbados.Pillar 3.Universal Internet Access Treaty
Barbados,BRB,Pillar 3,Global Digital Rights Agreement,https://globalgovernanceprogramme.eui.eu/gifi/,./countries/Barbados#goodpractice,Barbados.Pillar 3.Global Digital Rights Agreement
Barbados,BRB,Pillar 4,Digital Democracy Manifesto,https://globalgovernanceprogramme.eui.eu/gifi/,./countries/Barbados#goodpractice,Barbados.Pillar 4.Digital Democracy Manifesto
Barbados,BRB,Pillar 4,Online Transparency Code,https://globalgovernanceprogramme.eui.eu/gifi/,./countries/Barbados#goodpractice,Barbados.Pillar 4.Online Transparency Code
Barbados,BRB,Pillar 4,Secure Communication Pact,https://globalgovernanceprogramme.eui.eu/gifi/,./countries/Barbados#goodpractice,Barbados.Pillar 4.Secure Communication Pact
Barbados,BRB,Pillar 4,Public Domain Expansion Guide,https://globalgovernanceprogramme.eui.eu/gifi/,./countries/Barbados#goodpractice,Barbados.Pillar 4.Public Domain Expansion Guide
Barbados,BRB,Pillar 4,Global Digital Rights Agreement,https://globalgovernanceprogramme.eui.eu/gifi/,./countries/Barbados#goodpractice,Barbados.Pillar 4.Global Digital Rights Agreement
Barbados,BRB,Pillar 4,Digital Democracy Manifesto,https://globalgovernanceprogramme.eui.eu/gifi/,./countries/Barbados#goodpractice,Barbados.Pillar 4.Digital Democracy Manifesto
Belarus,BLR,Pillar 1,Internet Freedom Directive,https://globalgovernanceprogramme.eui.eu/gifi/,./countries/Belarus#goodpractice,Belarus.Pillar 1.Internet Freedom Directive
Belarus,BLR,Pillar 1,Secure Communication Pact,https://globalgovernanceprogramme.eui.eu/gifi/,./countries/Belarus#goodpractice,Belarus.Pillar 1.Secure Communication Pact
Belarus,BLR,Pillar 1,Public Domain Expansion Guide,https://globalgovernanceprogramme.eui.eu/gifi/,./countries/Belarus#goodpractice,Belarus.Pillar 1.Public Domain Expansion Guide
Belarus,BLR,Pillar 1,Global Digital Rights Agreement,https://globalgovernanceprogramme.eui.eu/gifi/,./countries/Belarus#goodpractice,Belarus.Pillar 1.Global Digital Rights Agreement
Belarus,BLR,Pillar 1,Digital Democracy Manifesto,https://globalgovernanceprogramme.eui.eu/gifi/,./countries/Belarus#goodpractice,Belarus.Pillar 1.Digital Democracy Manifesto
Belarus,BLR,Pillar 1,Online Transparency Code,https://globalgovernanceprogramme.eui.eu/gifi/,./countries/Belarus#goodpractice,Belarus.Pillar 1.Online Transparency Code
Belarus,BLR,Pillar 5,Online Transparency Code,https://globalgovernanceprogramme.eui.eu/gifi/,./countries/Belarus#goodpractice,Belarus.Pillar 5.Online Transparency Code
Belarus,BLR,Pillar 5,Internet Freedom Directive,https://globalgovernanceprogramme.eui.eu/gifi/,./countries/Belarus#goodpractice,Belarus.Pillar 5.Internet Freedom Directive
Belgium,BEL,Pillar 1,Public Domain Expansion Guide,https://globalgovernanceprogramme.eui.eu/gifi/,./countries/Belgium#goodpractice,Belgium.Pillar 1.Public Domain Expansion Guide
Belgium,BEL,Pillar 5,Global Digital Rights Agreement,https://globalgovernanceprogramme.eui.eu/gifi/,./countries/Belgium#goodpractice,Belgium.Pillar 5.Global Digital Rights Agreement
Belgium,BEL,Pillar 5,Digital Democracy Manifesto,https://globalgovernanceprogramme.eui.eu/gifi/,./countries/Belgium#goodpractice,Belgium.Pillar 5.Digital Democracy Manifesto
Belgium,BEL,Pillar 5,Online Transparency Code,https://globalgovernanceprogramme.eui.eu/gifi/,./countries/Belgium#goodpractice,Belgium.Pillar 5.Online Transparency Code
Belgium,BEL,Pillar 5,Internet Freedom Directive,https://globalgovernanceprogramme.eui.eu/gifi/,./countries/Belgium#goodpractice,Belgium.Pillar 5.Internet Freedom Directive
Belgium,BEL,Pillar 5,Secure Communication Pact,https://globalgovernanceprogramme.eui.eu/gifi/,./countries/Belgium#goodpractice,Belgium.Pillar 5.Secure Communication Pact
Belgium,BEL,Pillar 3,Public Domain Expansion Guide,https://globalgovernanceprogramme.eui.eu/gifi/,./countries/Belgium#goodpractice,Belgium.Pillar 3.Public Domain Expansion Guide
Belgium,BEL,Pillar 3,Secure Communication Pact,https://globalgovernanceprogramme.eui.eu/gifi/,./countries/Belgium#goodpractice,Belgium.Pillar 3.Secure Communication Pact
Belgium,BEL,Pillar 2,Public Domain Expansion Guide,https://globalgovernanceprogramme.eui.eu/gifi/,./countries/Belgium#goodpractice,Belgium.Pillar 2.Public Domain Expansion Guide
Belgium,BEL,Pillar 2,Global Digital Rights Agreement,https://globalgovernanceprogramme.eui.eu/gifi/,./countries/Belgium#goodpractice,Belgium.Pillar 2.Global Digital Rights Agreement
Belgium,BEL,Pillar 2,Digital Democracy Manifesto,https://globalgovernanceprogramme.eui.eu/gifi/,./countries/Belgium#goodpractice,Belgium.Pillar 2.Digital Democracy Manifesto
Belgium,BEL,Pillar 2,Online Transparency Code,https://globalgovernanceprogramme.eui.eu/gifi/,./countries/Belgium#goodpractice,Belgium.Pillar 2.Online Transparency Code
Belgium,BEL,Pillar 3,Internet Freedom Directive,https://globalgovernanceprogramme.eui.eu/gifi/,./countries/Belgium#goodpractice,Belgium.Pillar 3.Internet Freedom Directive
Belgium,BEL,Pillar 3,Secure Communication Pact,https://globalgovernanceprogramme.eui.eu/gifi/,./countries/Belgium#goodpractice,Belgium.Pillar 3.Secure Communication Pact
Belgium,BEL,Pillar 3,Public Domain Expansion Guide,https://globalgovernanceprogramme.eui.eu/gifi/,./countries/Belgium#goodpractice,Belgium.Pillar 3.Public Domain Expansion Guide
Belgium,BEL,Pillar 3,Secure Communication Pact,https://globalgovernanceprogramme.eui.eu/gifi/,./countries/Belgium#goodpractice,Belgium.Pillar 3.Secure Communication Pact
Belgium,BEL,Pillar 3,Public Domain,https://globalgovernanceprogramme.eui.eu/gifi/,./countries/Belgium#goodpractice,Belgium.Pillar 3.Public Domain
Belgium,BEL,Pillar 3,document24,https://globalgovernanceprogramme.eui.eu/gifi/,./countries/Belgium#goodpractice,Belgium.Pillar 3.document24
Belgium,BEL,Pillar 4,document7,https://globalgovernanceprogramme.eui.eu/gifi/,./countries/Belgium#goodpractice,Belgium.Pillar 4.document7
Belgium,BEL,Pillar 4,document8,https://globalgovernanceprogramme.eui.eu/gifi/,./countries/Belgium#goodpractice,Belgium.Pillar 4.document8
Belgium,BEL,Pillar 4,document9,https://globalgovernanceprogramme.eui.eu/gifi/,./countries/Belgium#goodpractice,Belgium.Pillar 4.document9
Belgium,BEL,Pillar 4,document10,https://globalgovernanceprogramme.eui.eu/gifi/,./countries/Belgium#goodpractice,Belgium.Pillar 4.document10
Belgium,BEL,Pillar 4,document11,https://globalgovernanceprogramme.eui.eu/gifi/,./countries/Belgium#goodpractice,Belgium.Pillar 4.document11
Belgium,BEL,Pillar 4,document12,https://globalgovernanceprogramme.eui.eu/gifi/,./countries/Belgium#goodpractice,Belgium.Pillar 4.document12
Belize,BLZ,Pillar 5,document7,https://globalgovernanceprogramme.eui.eu/gifi/,./countries/Belize#goodpractice,Belize.Pillar 5.document7
Belize,BLZ,Pillar 5,document8,https://globalgovernanceprogramme.eui.eu/gifi/,./countries/Belize#goodpractice,Belize.Pillar 5.document8
Belize,BLZ,Pillar 5,document9,https://globalgovernanceprogramme.eui.eu/gifi/,./countries/Belize#goodpractice,Belize.Pillar 5.document9
Belize,BLZ,Pillar 5,document10,https://globalgovernanceprogramme.eui.eu/gifi/,./countries/Belize#goodpractice,Belize.Pillar 5.document10
Belize,BLZ,Pillar 5,document11,https://globalgovernanceprogramme.eui.eu/gifi/,./countries/Belize#goodpractice,Belize.Pillar 5.document11
Belize,BLZ,Pillar 5,document12,https://globalgovernanceprogramme.eui.eu/gifi/,./countries/Belize#goodpractice,Belize.Pillar 5.document12
Belize,BLZ,Pillar 3,document13,https://globalgovernanceprogramme.eui.eu/gifi/,./countries/Belize#goodpractice,Belize.Pillar 3.document13
Belize,BLZ,Pillar 3,document14,https://globalgovernanceprogramme.eui.eu/gifi/,./countries/Belize#goodpractice,Belize.Pillar 3.document14
Belize,BLZ,Pillar 3,document15,https://globalgovernanceprogramme.eui.eu/gifi/,./countries/Belize#goodpractice,Belize.Pillar 3.document15
Belize,BLZ,Pillar 3,document16,https://globalgovernanceprogramme.eui.eu/gifi/,./countries/Belize#goodpractice,Belize.Pillar 3.document16
Belize,BLZ,Pillar 3,document17,https://globalgovernanceprogramme.eui.eu/gifi/,./countries/Belize#goodpractice,Belize.Pillar 3.document17
Belize,BLZ,Pillar 3,document18,https://globalgovernanceprogramme.eui.eu/gifi/,./countries/Belize#goodpractice,Belize.Pillar 3.document18
Belize,BLZ,Pillar 3,document19,https://globalgovernanceprogramme.eui.eu/gifi/,./countries/Belize#goodpractice,Belize.Pillar 3.document19
Belize,BLZ,Pillar 3,document20,https://globalgovernanceprogramme.eui.eu/gifi/,./countries/Belize#goodpractice,Belize.Pillar 3.document20
Belize,BLZ,Pillar 3,document21,https://globalgovernanceprogramme.eui.eu/gifi/,./countries/Belize#goodpractice,Belize.Pillar 3.document21
Belize,BLZ,Pillar 2,document22,https://globalgovernanceprogramme.eui.eu/gifi/,./countries/Belize#goodpractice,Belize.Pillar 2.document22
Belize,BLZ,Pillar 2,document23,https://globalgovernanceprogramme.eui.eu/gifi/,./countries/Belize#goodpractice,Belize.Pillar 2.document23
Belize,BLZ,Pillar 2,document24,https://globalgovernanceprogramme.eui.eu/gifi/,./countries/Belize#goodpractice,Belize.Pillar 2.document24
Belize,BLZ,Pillar 4,document7,https://globalgovernanceprogramme.eui.eu/gifi/,./countries/Belize#goodpractice,Belize.Pillar 4.document7
Belize,BLZ,Pillar 4,document8,https://globalgovernanceprogramme.eui.eu/gifi/,./countries/Belize#goodpractice,Belize.Pillar 4.document8
Belize,BLZ,Pillar 4,document9,https://globalgovernanceprogramme.eui.eu/gifi/,./countries/Belize#goodpractice,Belize.Pillar 4.document9
Belize,BLZ,Pillar 4,document10,https://globalgovernanceprogramme.eui.eu/gifi/,./countries/Belize#goodpractice,Belize.Pillar 4.document10
Belize,BLZ,Pillar 4,document11,https://globalgovernanceprogramme.eui.eu/gifi/,./countries/Belize#goodpractice,Belize.Pillar 4.document11
Belize,BLZ,Pillar 4,document12,https://globalgovernanceprogramme.eui.eu/gifi/,./countries/Belize#goodpractice,Belize.Pillar 4.document12
Belize,BLZ,Pillar 5,document14,https://globalgovernanceprogramme.eui.eu/gifi/,./countries/Belize#goodpractice,Belize.Pillar 5.document14
Belize,BLZ,Pillar 5,document15,https://globalgovernanceprogramme.eui.eu/gifi/,./countries/Belize#goodpractice,Belize.Pillar 5.document15
Belize,BLZ,Pillar 5,document16,https://globalgovernanceprogramme.eui.eu/gifi/,./countries/Belize#goodpractice,Belize.Pillar 5.document16
Botswana,BWA,Pillar 5,document7,https://globalgovernanceprogramme.eui.eu/gifi/,./countries/Botswana#goodpractice,Botswana.Pillar 5.document7
Botswana,BWA,Pillar 1,document8,https://globalgovernanceprogramme.eui.eu/gifi/,./countries/Botswana#goodpractice,Botswana.Pillar 1.document8
Botswana,BWA,Pillar 1,document9,https://globalgovernanceprogramme.eui.eu/gifi/,./countries/Botswana#goodpractice,Botswana.Pillar 1.document9
Botswana,BWA,Pillar 1,document10,https://globalgovernanceprogramme.eui.eu/gifi/,./countries/Botswana#goodpractice,Botswana.Pillar 1.document10
Botswana,BWA,Pillar 1,document11,https://globalgovernanceprogramme.eui.eu/gifi/,./countries/Botswana#goodpractice,Botswana.Pillar 1.document11
Botswana,BWA,Pillar 1,document12,https://globalgovernanceprogramme.eui.eu/gifi/,./countries/Botswana#goodpractice,Botswana.Pillar 1.document12
Botswana,BWA,Pillar 2,document13,https://globalgovernanceprogramme.eui.eu/gifi/,./countries/Botswana#goodpractice,Botswana.Pillar 2.document13
Botswana,BWA,Pillar 2,document14,https://globalgovernanceprogramme.eui.eu/gifi/,./countries/Botswana#goodpractice,Botswana.Pillar 2.document14
Botswana,BWA,Pillar 3,document15,https://globalgovernanceprogramme.eui.eu/gifi/,./countries/Botswana#goodpractice,Botswana.Pillar 3.document15
Botswana,BWA,Pillar 3,document16,https://globalgovernanceprogramme.eui.eu/gifi/,./countries/Botswana#goodpractice,Botswana.Pillar 3.document16
Botswana,BWA,Pillar 3,document17,https://globalgovernanceprogramme.eui.eu/gifi/,./countries/Botswana#goodpractice,Botswana.Pillar 3.document17
Botswana,BWA,Pillar 3,document18,https://globalgovernanceprogramme.eui.eu/gifi/,./countries/Botswana#goodpractice,Botswana.Pillar 3.document18
Botswana,BWA,Pillar 3,document19,https://globalgovernanceprogramme.eui.eu/gifi/,./countries/Botswana#goodpractice,Botswana.Pillar 3.document19
Botswana,BWA,Pillar 3,document20,https://globalgovernanceprogramme.eui.eu/gifi/,./countries/Botswana#goodpractice,Botswana.Pillar 3.document20
Botswana,BWA,Pillar 3,document21,https://globalgovernanceprogramme.eui.eu/gifi/,./countries/Botswana#goodpractice,Botswana.Pillar 3.document21
Botswana,BWA,Pillar 3,document22,https://globalgovernanceprogramme.eui.eu/gifi/,./countries/Botswana#goodpractice,Botswana.Pillar 3.document22
Botswana,BWA,Pillar 3,document23,https://globalgovernanceprogramme.eui.eu/gifi/,./countries/Botswana#goodpractice,Botswana.Pillar 3.document23
Botswana,BWA,Pillar 3,document24,https://globalgovernanceprogramme.eui.eu/gifi/,./countries/Botswana#goodpractice,Botswana.Pillar 3.document24
Botswana,BWA,Pillar 4,document7,https://globalgovernanceprogramme.eui.eu/gifi/,./countries/Botswana#goodpractice,Botswana.Pillar 4.document7
Botswana,BWA,Pillar 4,document8,https://globalgovernanceprogramme.eui.eu/gifi/,./countries/Botswana#goodpractice,Botswana.Pillar 4.document8
Botswana,BWA,Pillar 4,document9,https://globalgovernanceprogramme.eui.eu/gifi/,./countries/Botswana#goodpractice,Botswana.Pillar 4.document9
Botswana,BWA,Pillar 4,document10,https://globalgovernanceprogramme.eui.eu/gifi/,./countries/Botswana#goodpractice,Botswana.Pillar 4.document10
Botswana,BWA,Pillar 4,document11,https://globalgovernanceprogramme.eui.eu/gifi/,./countries/Botswana#goodpractice,Botswana.Pillar 4.document11
Botswana,BWA,Pillar 4,document12,https://globalgovernanceprogramme.eui.eu/gifi/,./countries/Botswana#goodpractice,Botswana.Pillar 4.document12
Bouvet Island,BVT,Pillar 1,document7,https://globalgovernanceprogramme.eui.eu/gifi/,./countries/BouvetIsland#goodpractice,Bouvet Island.Pillar 1.document7
Bouvet Island,BVT,Pillar 5,document8,https://globalgovernanceprogramme.eui.eu/gifi/,./countries/BouvetIsland#goodpractice,Bouvet Island.Pillar 5.document8
Bouvet Island,BVT,Pillar 5,document9,https://globalgovernanceprogramme.eui.eu/gifi/,./countries/BouvetIsland#goodpractice,Bouvet Island.Pillar 5.document9
Bouvet Island,BVT,Pillar 5,document10,https://globalgovernanceprogramme.eui.eu/gifi/,./countries/BouvetIsland#goodpractice,Bouvet Island.Pillar 5.document10
Bouvet Island,BVT,Pillar 5,document11,https://globalgovernanceprogramme.eui.eu/gifi/,./countries/BouvetIsland#goodpractice,Bouvet Island.Pillar 5.document11
Bouvet Island,BVT,Pillar 5,document12,https://globalgovernanceprogramme.eui.eu/gifi/,./countries/BouvetIsland#goodpractice,Bouvet Island.Pillar 5.document12
Bouvet Island,BVT,Pillar 3,document13,https://globalgovernanceprogramme.eui.eu/gifi/,./countries/BouvetIsland#goodpractice,Bouvet Island.Pillar 3.document13
Bouvet Island,BVT,Pillar 3,document14,https://globalgovernanceprogramme.eui.eu/gifi/,./countries/BouvetIsland#goodpractice,Bouvet Island.Pillar 3.document14
Bouvet Island,BVT,Pillar 3,document15,https://globalgovernanceprogramme.eui.eu/gifi/,./countries/BouvetIsland#goodpractice,Bouvet Island.Pillar 3.document15
Bouvet Island,BVT,Pillar 3,document16,https://globalgovernanceprogramme.eui.eu/gifi/,./countries/BouvetIsland#goodpractice,Bouvet Island.Pillar 3.document16
Bouvet Island,BVT,Pillar 3,document17,https://globalgovernanceprogramme.eui.eu/gifi/,./countries/BouvetIsland#goodpractice,Bouvet Island.Pillar 3.document17
Bouvet Island,BVT,Pillar 3,document18,https://globalgovernanceprogramme.eui.eu/gifi/,./countries/BouvetIsland#goodpractice,Bouvet Island.Pillar 3.document18
Bouvet Island,BVT,Pillar 2,document19,https://globalgovernanceprogramme.eui.eu/gifi/,./countries/BouvetIsland#goodpractice,Bouvet Island.Pillar 2.document19
Bouvet Island,BVT,Pillar 2,document20,https://globalgovernanceprogramme.eui.eu/gifi/,./countries/BouvetIsland#goodpractice,Bouvet Island.Pillar 2.document20
Bouvet Island,BVT,Pillar 2,document21,https://globalgovernanceprogramme.eui.eu/gifi/,./countries/BouvetIsland#goodpractice,Bouvet Island.Pillar 2.document21
Bouvet Island,BVT,Pillar 2,document22,https://globalgovernanceprogramme.eui.eu/gifi/,./countries/BouvetIsland#goodpractice,Bouvet Island.Pillar 2.document22
Bouvet Island,BVT,Pillar 2,document23,https://globalgovernanceprogramme.eui.eu/gifi/,./countries/BouvetIsland#goodpractice,Bouvet Island.Pillar 2.document23
Bouvet Island,BVT,Pillar 2,document24,https://globalgovernanceprogramme.eui.eu/gifi/,./countries/BouvetIsland#goodpractice,Bouvet Island.Pillar 2.document24
Bouvet Island,BVT,Pillar 4,document7,https://globalgovernanceprogramme.eui.eu/gifi/,./countries/BouvetIsland#goodpractice,Bouvet Island.Pillar 4.document7
Bouvet Island,BVT,Pillar 4,document8,https://globalgovernanceprogramme.eui.eu/gifi/,./countries/BouvetIsland#goodpractice,Bouvet Island.Pillar 4.document8
Bouvet Island,BVT,Pillar 4,document9,https://globalgovernanceprogramme.eui.eu/gifi/,./countries/BouvetIsland#goodpractice,Bouvet Island.Pillar 4.document9
Bouvet Island,BVT,Pillar 4,document10,https://globalgovernanceprogramme.eui.eu/gifi/,./countries/BouvetIsland#goodpractice,Bouvet Island.Pillar 4.document10
Bouvet Island,BVT,Pillar 4,document11,https://globalgovernanceprogramme.eui.eu/gifi/,./countries/BouvetIsland#goodpractice,Bouvet Island.Pillar 4.document11
Bouvet Island,BVT,Pillar 4,document12,https://globalgovernanceprogramme.eui.eu/gifi/,./countries/BouvetIsland#goodpractice,Bouvet Island.Pillar 4.document12
Bouvet Island,BVT,Pillar 5,document14,https://globalgovernanceprogramme.eui.eu/gifi/,./countries/BouvetIsland#goodpractice,Bouvet Island.Pillar 5.document14
Bouvet Island,BVT,Pillar 5,document15,https://globalgovernanceprogramme.eui.eu/gifi/,./countries/BouvetIsland#goodpractice,Bouvet Island.Pillar 5.document15
Iran,IRN,Pillar 5,document7,https://globalgovernanceprogramme.eui.eu/gifi/,./countries/Iran#goodpractice,Iran.Pillar 5.document7
Iran,IRN,Pillar 1,document8,https://globalgovernanceprogramme.eui.eu/gifi/,./countries/Iran#goodpractice,Iran.Pillar 1.document8
Iran,IRN,Pillar 1,document9,https://globalgovernanceprogramme.eui.eu/gifi/,./countries/Iran#goodpractice,Iran.Pillar 1.document9
Iran,IRN,Pillar 1,document10,https://globalgovernanceprogramme.eui.eu/gifi/,./countries/Iran#goodpractice,Iran.Pillar 1.document10
Iran,IRN,Pillar 1,document11,https://globalgovernanceprogramme.eui.eu/gifi/,./countries/Iran#goodpractice,Iran.Pillar 1.document11
Iran,IRN,Pillar 5,document12,https://globalgovernanceprogramme.eui.eu/gifi/,./countries/Iran#goodpractice,Iran.Pillar 5.document12
Iran,IRN,Pillar 3,document13,https://globalgovernanceprogramme.eui.eu/gifi/,./countries/Iran#goodpractice,Iran.Pillar 3.document13
Iran,IRN,Pillar 2,document14,https://globalgovernanceprogramme.eui.eu/gifi/,./countries/Iran#goodpractice,Iran.Pillar 2.document14
Iran,IRN,Pillar 2,document15,https://globalgovernanceprogramme.eui.eu/gifi/,./countries/Iran#goodpractice,Iran.Pillar 2.document15
Iran,IRN,Pillar 2,document16,https://globalgovernanceprogramme.eui.eu/gifi/,./countries/Iran#goodpractice,Iran.Pillar 2.document16
Iran,IRN,Pillar 2,document17,https://globalgovernanceprogramme.eui.eu/gifi/,./countries/Iran#goodpractice,Iran.Pillar 2.document17
Iran,IRN,Pillar 3,document18,https://globalgovernanceprogramme.eui.eu/gifi/,./countries/Iran#goodpractice,Iran.Pillar 3.document18
Iran,IRN,Pillar 3,document19,https://globalgovernanceprogramme.eui.eu/gifi/,./countries/Iran#goodpractice,Iran.Pillar 3.document19
Iran,IRN,Pillar 3,document20,https://globalgovernanceprogramme.eui.eu/gifi/,./countries/Iran#goodpractice,Iran.Pillar 3.document20
Iran,IRN,Pillar 3,document21,https://globalgovernanceprogramme.eui.eu/gifi/,./countries/Iran#goodpractice,Iran.Pillar 3.document21
Iran,IRN,Pillar 3,document22,https://globalgovernanceprogramme.eui.eu/gifi/,./countries/Iran#goodpractice,Iran.Pillar 3.document22
Iran,IRN,Pillar 3,document23,https://globalgovernanceprogramme.eui.eu/gifi/,./countries/Iran#goodpractice,Iran.Pillar 3.document23
Iran,IRN,Pillar 3,document24,https://globalgovernanceprogramme.eui.eu/gifi/,./countries/Iran#goodpractice,Iran.Pillar 3.document24
Iran,IRN,Pillar 4,document7,https://globalgovernanceprogramme.eui.eu/gifi/,./countries/Iran#goodpractice,Iran.Pillar 4.document7
Iran,IRN,Pillar 4,document8,https://globalgovernanceprogramme.eui.eu/gifi/,./countries/Iran#goodpractice,Iran.Pillar 4.document8
Iran,IRN,Pillar 4,document9,https://globalgovernanceprogramme.eui.eu/gifi/,./countries/Iran#goodpractice,Iran.Pillar 4.document9
Iran,IRN,Pillar 4,document10,https://globalgovernanceprogramme.eui.eu/gifi/,./countries/Iran#goodpractice,Iran.Pillar 4.document10
Iran,IRN,Pillar 4,document11,https://globalgovernanceprogramme.eui.eu/gifi/,./countries/Iran#goodpractice,Iran.Pillar 4.document11
Iran,IRN,Pillar 4,document12,https://globalgovernanceprogramme.eui.eu/gifi/,./countries/Iran#goodpractice,Iran.Pillar 4.document12
Iran,IRN,Pillar 5,document9,https://globalgovernanceprogramme.eui.eu/gifi/,./countries/Iran#goodpractice,Iran.Pillar 5.document9
Iran,IRN,Pillar 5,document10,https://globalgovernanceprogramme.eui.eu/gifi/,./countries/Iran#goodpractice,Iran.Pillar 5.document10
Iran,IRN,Pillar 5,document11,https://globalgovernanceprogramme.eui.eu/gifi/,./countries/Iran#goodpractice,Iran.Pillar 5.document11
Spain,ESP,Pillar 3,document17,https://globalgovernanceprogramme.eui.eu/gifi/,./countries/Spain#goodpractice,Spain.Pillar 3.document17
Spain,ESP,Pillar 3,document18,https://globalgovernanceprogramme.eui.eu/gifi/,./countries/Spain#goodpractice,Spain.Pillar 3.document18
Spain,ESP,Pillar 3,document19,https://globalgovernanceprogramme.eui.eu/gifi/,./countries/Spain#goodpractice,Spain.Pillar 3.document19
Spain,ESP,Pillar 3,document20,https://globalgovernanceprogramme.eui.eu/gifi/,./countries/Spain#goodpractice,Spain.Pillar 3.document20
Spain,ESP,Pillar 3,document21,https://globalgovernanceprogramme.eui.eu/gifi/,./countries/Spain#goodpractice,Spain.Pillar 3.document21
Spain,ESP,Pillar 3,document22,https://globalgovernanceprogramme.eui.eu/gifi/,./countries/Spain#goodpractice,Spain.Pillar 3.document22
Spain,ESP,Pillar 3,document23,https://globalgovernanceprogramme.eui.eu/gifi/,./countries/Spain#goodpractice,Spain.Pillar 3.document23
Spain,ESP,Pillar 3,document24,https://globalgovernanceprogramme.eui.eu/gifi/,./countries/Spain#goodpractice,Spain.Pillar 3.document24
Spain,ESP,Pillar 4,document7,https://globalgovernanceprogramme.eui.eu/gifi/,./countries/Spain#goodpractice,Spain.Pillar 4.document7
Spain,ESP,Pillar 4,document8,https://globalgovernanceprogramme.eui.eu/gifi/,./countries/Spain#goodpractice,Spain.Pillar 4.document8
Spain,ESP,Pillar 4,document9,https://globalgovernanceprogramme.eui.eu/gifi/,./countries/Spain#goodpractice,Spain.Pillar 4.document9
Spain,ESP,Pillar 4,document10,https://globalgovernanceprogramme.eui.eu/gifi/,./countries/Spain#goodpractice,Spain.Pillar 4.document10
Spain,ESP,Pillar 4,document11,https://globalgovernanceprogramme.eui.eu/gifi/,./countries/Spain#goodpractice,Spain.Pillar 4.document11
Spain,ESP,Pillar 4,document12,https://globalgovernanceprogramme.eui.eu/gifi/,./countries/Spain#goodpractice,Spain.Pillar 4.document12
