NAME_ENGL,ISO3_CODE,total,pillar_txt,value,note_total,note,group_value,group,country_url
Afghanistan,AFG,37.3443653799714,Connectivity and infrastructure,NA,NA,Not enough data,NA,Off course,countries/afg
Afghanistan,AFG,37.3443653799714,Rights and freedoms,NA,NA,Not enough data,NA,Off course,countries/afg
Afghanistan,AFG,37.3443653799714,Responsibility and sustainability,NA,NA,Not enough data,NA,Off course,countries/afg
Afghanistan,AFG,37.3443653799714,Trust and resilience,21.9829,NA,NA,Off course,Off course,countries/afg
Albania,ALB,62.5009100557254,Connectivity and infrastructure,76.4553,NA,NA,On track,Getting on track,countries/alb
Albania,ALB,62.5009100557254,Rights and freedoms,NA,NA,Not enough data,NA,Getting on track,countries/alb
Albania,ALB,62.5009100557254,Responsibility and sustainability,NA,NA,Not enough data,NA,Getting on track,countries/alb
Albania,ALB,62.5009100557254,Trust and resilience,68.3188,NA,NA,On track,Getting on track,countries/alb
Algeria,DZA,47.0757298297613,Connectivity and infrastructure,51.6836,NA,NA,Getting on track,Off course,countries/dza
Algeria,DZA,47.0757298297613,Rights and freedoms,NA,NA,Not enough data,NA,Off course,countries/dza
Algeria,DZA,47.0757298297613,Responsibility and sustainability,44.7577,NA,NA,Off course,Off course,countries/dza
Algeria,DZA,47.0757298297613,Trust and resilience,49.3679,NA,NA,Off course,Off course,countries/dza
Andorra,AND,NA,Connectivity and infrastructure,NA,Not enough data,Not enough data,NA,NA,countries/and
Andorra,AND,NA,Rights and freedoms,NA,Not enough data,Not enough data,NA,NA,countries/and
Andorra,AND,NA,Responsibility and sustainability,NA,Not enough data,Not enough data,NA,NA,countries/and
Andorra,AND,NA,Trust and resilience,NA,Not enough data,Not enough data,NA,NA,countries/and
Angola,AGO,51.852740069807,Connectivity and infrastructure,58.3842,NA,NA,Getting on track,Getting on track,countries/ago
Angola,AGO,51.852740069807,Rights and freedoms,43.2145,NA,NA,Off course,Getting on track,countries/ago
Angola,AGO,51.852740069807,Responsibility and sustainability,NA,NA,Not enough data,NA,Getting on track,countries/ago
Angola,AGO,51.852740069807,Trust and resilience,40.9953,NA,NA,Off course,Getting on track,countries/ago
Antigua and Barbuda,ATG,NA,Connectivity and infrastructure,NA,Not enough data,Not enough data,NA,NA,countries/atg
Antigua and Barbuda,ATG,NA,Rights and freedoms,NA,Not enough data,Not enough data,NA,NA,countries/atg
Antigua and Barbuda,ATG,NA,Responsibility and sustainability,NA,Not enough data,Not enough data,NA,NA,countries/atg
Antigua and Barbuda,ATG,NA,Trust and resilience,NA,Not enough data,Not enough data,NA,NA,countries/atg
Argentina,ARG,64.9397086956772,Connectivity and infrastructure,77.4641,NA,NA,On track,Getting on track,countries/arg
Argentina,ARG,64.9397086956772,Rights and freedoms,70.1955,NA,NA,On track,Getting on track,countries/arg
Argentina,ARG,64.9397086956772,Responsibility and sustainability,47.1475,NA,NA,Off course,Getting on track,countries/arg
Argentina,ARG,64.9397086956772,Trust and resilience,64.9517,NA,NA,Getting on track,Getting on track,countries/arg
Armenia,ARM,61.58949327051,Connectivity and infrastructure,78.6476,NA,NA,On track,Getting on track,countries/arm
Armenia,ARM,61.58949327051,Rights and freedoms,NA,NA,Not enough data,NA,Getting on track,countries/arm
Armenia,ARM,61.58949327051,Responsibility and sustainability,NA,NA,Not enough data,NA,Getting on track,countries/arm
Armenia,ARM,61.58949327051,Trust and resilience,58.803,NA,NA,Getting on track,Getting on track,countries/arm
Australia,AUS,76.6871285399518,Connectivity and infrastructure,88.1757,NA,NA,Leading,On track,countries/aus
Australia,AUS,76.6871285399518,Rights and freedoms,83.5988,NA,NA,Leading,On track,countries/aus
Australia,AUS,76.6871285399518,Responsibility and sustainability,53.7264,NA,NA,Getting on track,On track,countries/aus
Australia,AUS,76.6871285399518,Trust and resilience,81.2476,NA,NA,Leading,On track,countries/aus
Austria,AUT,73.9623276695173,Connectivity and infrastructure,86.7845,NA,NA,Leading,On track,countries/aut
Austria,AUT,73.9623276695173,Rights and freedoms,NA,NA,Not enough data,NA,On track,countries/aut
Austria,AUT,73.9623276695173,Responsibility and sustainability,48.9274,NA,NA,Off course,On track,countries/aut
Austria,AUT,73.9623276695173,Trust and resilience,78.0309,NA,NA,On track,On track,countries/aut
Azerbaijan,AZE,45.0295229197688,Connectivity and infrastructure,55.3965,NA,NA,Getting on track,Off course,countries/aze
Azerbaijan,AZE,45.0295229197688,Rights and freedoms,NA,NA,Not enough data,NA,Off course,countries/aze
Azerbaijan,AZE,45.0295229197688,Responsibility and sustainability,NA,NA,Not enough data,NA,Off course,countries/aze
Azerbaijan,AZE,45.0295229197688,Trust and resilience,56.1414,NA,NA,Getting on track,Off course,countries/aze
Bahamas,BHS,63.7631333197348,Connectivity and infrastructure,NA,NA,Not enough data,NA,Getting on track,countries/bhs
Bahamas,BHS,63.7631333197348,Rights and freedoms,NA,NA,Not enough data,NA,Getting on track,countries/bhs
Bahamas,BHS,63.7631333197348,Responsibility and sustainability,NA,NA,Not enough data,NA,Getting on track,countries/bhs
Bahamas,BHS,63.7631333197348,Trust and resilience,NA,NA,Not enough data,NA,Getting on track,countries/bhs
Bahrain,BHR,53.7388628695982,Connectivity and infrastructure,83.6652,NA,NA,Leading,Getting on track,countries/bhr
Bahrain,BHR,53.7388628695982,Rights and freedoms,NA,NA,Not enough data,NA,Getting on track,countries/bhr
Bahrain,BHR,53.7388628695982,Responsibility and sustainability,39.1713,NA,NA,Off course,Getting on track,countries/bhr
Bahrain,BHR,53.7388628695982,Trust and resilience,60.8727,NA,NA,Getting on track,Getting on track,countries/bhr
Bangladesh,BGD,54.3162341458738,Connectivity and infrastructure,43.374,NA,NA,Off course,Getting on track,countries/bgd
Bangladesh,BGD,54.3162341458738,Rights and freedoms,41.2036,NA,NA,Off course,Getting on track,countries/bgd
Bangladesh,BGD,54.3162341458738,Responsibility and sustainability,NA,NA,Not enough data,NA,Getting on track,countries/bgd
Bangladesh,BGD,54.3162341458738,Trust and resilience,65.2978,NA,NA,On track,Getting on track,countries/bgd
Barbados,BRB,62.457739011484,Connectivity and infrastructure,NA,NA,Not enough data,NA,Getting on track,countries/brb
Barbados,BRB,62.457739011484,Rights and freedoms,NA,NA,Not enough data,NA,Getting on track,countries/brb
Barbados,BRB,62.457739011484,Responsibility and sustainability,41.08,NA,NA,Off course,Getting on track,countries/brb
Barbados,BRB,62.457739011484,Trust and resilience,54.6518,NA,NA,Getting on track,Getting on track,countries/brb
Belarus,BLR,38.3376174324286,Connectivity and infrastructure,NA,NA,Not enough data,NA,Off course,countries/blr
Belarus,BLR,38.3376174324286,Rights and freedoms,24.5514,NA,NA,Off course,Off course,countries/blr
Belarus,BLR,38.3376174324286,Responsibility and sustainability,NA,NA,Not enough data,NA,Off course,countries/blr
Belarus,BLR,38.3376174324286,Trust and resilience,39.5524,NA,NA,Off course,Off course,countries/blr
Belgium,BEL,74.4151050491153,Connectivity and infrastructure,85.0616,NA,NA,Leading,On track,countries/bel
Belgium,BEL,74.4151050491153,Rights and freedoms,NA,NA,Not enough data,NA,On track,countries/bel
Belgium,BEL,74.4151050491153,Responsibility and sustainability,46.8486,NA,NA,Off course,On track,countries/bel
Belgium,BEL,74.4151050491153,Trust and resilience,82.8999,NA,NA,Leading,On track,countries/bel
Belize,BLZ,58.2264727979248,Connectivity and infrastructure,NA,NA,Not enough data,NA,Getting on track,countries/blz
Belize,BLZ,58.2264727979248,Rights and freedoms,NA,NA,Not enough data,NA,Getting on track,countries/blz
Belize,BLZ,58.2264727979248,Responsibility and sustainability,51.3194,NA,NA,Getting on track,Getting on track,countries/blz
Belize,BLZ,58.2264727979248,Trust and resilience,NA,NA,Not enough data,NA,Getting on track,countries/blz
Benin,BEN,56.8580766576666,Connectivity and infrastructure,42.8578,NA,NA,Off course,Getting on track,countries/ben
Benin,BEN,56.8580766576666,Rights and freedoms,NA,NA,Not enough data,NA,Getting on track,countries/ben
Benin,BEN,56.8580766576666,Responsibility and sustainability,64.997,NA,NA,Getting on track,Getting on track,countries/ben
Benin,BEN,56.8580766576666,Trust and resilience,64.7471,NA,NA,Getting on track,Getting on track,countries/ben
Bhutan,BTN,65.0965237107878,Connectivity and infrastructure,NA,NA,Not enough data,NA,On track,countries/btn
Bhutan,BTN,65.0965237107878,Rights and freedoms,NA,NA,Not enough data,NA,On track,countries/btn
Bhutan,BTN,65.0965237107878,Responsibility and sustainability,NA,NA,Not enough data,NA,On track,countries/btn
Bhutan,BTN,65.0965237107878,Trust and resilience,62.8721,NA,NA,Getting on track,On track,countries/btn
Bolivia,BOL,50.9217056380269,Connectivity and infrastructure,69.2166,NA,NA,On track,Getting on track,countries/bol
Bolivia,BOL,50.9217056380269,Rights and freedoms,NA,NA,Not enough data,NA,Getting on track,countries/bol
Bolivia,BOL,50.9217056380269,Responsibility and sustainability,39.8857,NA,NA,Off course,Getting on track,countries/bol
Bolivia,BOL,50.9217056380269,Trust and resilience,NA,NA,Not enough data,NA,Getting on track,countries/bol
Bosnia and Herzegovina,BIH,58.9327035033939,Connectivity and infrastructure,73.9335,NA,NA,On track,Getting on track,countries/bih
Bosnia and Herzegovina,BIH,58.9327035033939,Rights and freedoms,NA,NA,Not enough data,NA,Getting on track,countries/bih
Bosnia and Herzegovina,BIH,58.9327035033939,Responsibility and sustainability,NA,NA,Not enough data,NA,Getting on track,countries/bih
Bosnia and Herzegovina,BIH,58.9327035033939,Trust and resilience,47.0529,NA,NA,Off course,Getting on track,countries/bih
Botswana,BWA,61.051534042884,Connectivity and infrastructure,71.0787,NA,NA,On track,Getting on track,countries/bwa
Botswana,BWA,61.051534042884,Rights and freedoms,NA,NA,Not enough data,NA,Getting on track,countries/bwa
Botswana,BWA,61.051534042884,Responsibility and sustainability,47.0985,NA,NA,Off course,Getting on track,countries/bwa
Botswana,BWA,61.051534042884,Trust and resilience,61.0351,NA,NA,Getting on track,Getting on track,countries/bwa
Brazil,BRA,68.8840717945392,Connectivity and infrastructure,79.068,NA,NA,Leading,On track,countries/bra
Brazil,BRA,68.8840717945392,Rights and freedoms,62.2464,NA,NA,Getting on track,On track,countries/bra
Brazil,BRA,68.8840717945392,Responsibility and sustainability,53.457,NA,NA,Getting on track,On track,countries/bra
Brazil,BRA,68.8840717945392,Trust and resilience,80.7649,NA,NA,Leading,On track,countries/bra
Brunei,BRN,NA,Connectivity and infrastructure,NA,Not enough data,Not enough data,NA,NA,countries/brn
Brunei,BRN,NA,Rights and freedoms,NA,Not enough data,Not enough data,NA,NA,countries/brn
Brunei,BRN,NA,Responsibility and sustainability,NA,Not enough data,Not enough data,NA,NA,countries/brn
Brunei,BRN,NA,Trust and resilience,NA,Not enough data,Not enough data,NA,NA,countries/brn
Bulgaria,BGR,68.6800434498609,Connectivity and infrastructure,80.6183,NA,NA,Leading,On track,countries/bgr
Bulgaria,BGR,68.6800434498609,Rights and freedoms,NA,NA,Not enough data,NA,On track,countries/bgr
Bulgaria,BGR,68.6800434498609,Responsibility and sustainability,53.9476,NA,NA,Getting on track,On track,countries/bgr
Bulgaria,BGR,68.6800434498609,Trust and resilience,72.9956,NA,NA,On track,On track,countries/bgr
Burkina Faso,BFA,45.5718019917515,Connectivity and infrastructure,33.74,NA,NA,Off course,Off course,countries/bfa
Burkina Faso,BFA,45.5718019917515,Rights and freedoms,NA,NA,Not enough data,NA,Off course,countries/bfa
Burkina Faso,BFA,45.5718019917515,Responsibility and sustainability,55.2623,NA,NA,Getting on track,Off course,countries/bfa
Burkina Faso,BFA,45.5718019917515,Trust and resilience,54.3805,NA,NA,Getting on track,Off course,countries/bfa
Burundi,BDI,33.6154999144526,Connectivity and infrastructure,32.4536,NA,NA,Off course,Off course,countries/bdi
Burundi,BDI,33.6154999144526,Rights and freedoms,NA,NA,Not enough data,NA,Off course,countries/bdi
Burundi,BDI,33.6154999144526,Responsibility and sustainability,50.3183,NA,NA,Getting on track,Off course,countries/bdi
Burundi,BDI,33.6154999144526,Trust and resilience,24.2798,NA,NA,Off course,Off course,countries/bdi
Cambodia,KHM,47.6254535506491,Connectivity and infrastructure,69.4154,NA,NA,On track,Off course,countries/khm
Cambodia,KHM,47.6254535506491,Rights and freedoms,32.3464,NA,NA,Off course,Off course,countries/khm
Cambodia,KHM,47.6254535506491,Responsibility and sustainability,53.1109,NA,NA,Getting on track,Off course,countries/khm
Cambodia,KHM,47.6254535506491,Trust and resilience,35.6291,NA,NA,Off course,Off course,countries/khm
Cameroon,CMR,44.5184923665832,Connectivity and infrastructure,43.0511,NA,NA,Off course,Off course,countries/cmr
Cameroon,CMR,44.5184923665832,Rights and freedoms,NA,NA,Not enough data,NA,Off course,countries/cmr
Cameroon,CMR,44.5184923665832,Responsibility and sustainability,54.3484,NA,NA,Getting on track,Off course,countries/cmr
Cameroon,CMR,44.5184923665832,Trust and resilience,48.9212,NA,NA,Off course,Off course,countries/cmr
Canada,CAN,77.2637088091189,Connectivity and infrastructure,86.7863,NA,NA,Leading,On track,countries/can
Canada,CAN,77.2637088091189,Rights and freedoms,87.5778,NA,NA,Leading,On track,countries/can
Canada,CAN,77.2637088091189,Responsibility and sustainability,54.4047,NA,NA,Getting on track,On track,countries/can
Canada,CAN,77.2637088091189,Trust and resilience,80.286,NA,NA,Leading,On track,countries/can
Cape Verde,CPV,69.0336785112753,Connectivity and infrastructure,69.6159,NA,NA,On track,On track,countries/cpv
Cape Verde,CPV,69.0336785112753,Rights and freedoms,NA,NA,Not enough data,NA,On track,countries/cpv
Cape Verde,CPV,69.0336785112753,Responsibility and sustainability,NA,NA,Not enough data,NA,On track,countries/cpv
Cape Verde,CPV,69.0336785112753,Trust and resilience,56.5576,NA,NA,Getting on track,On track,countries/cpv
Central African Republic,CAF,41.3954463638421,Connectivity and infrastructure,NA,NA,Not enough data,NA,Off course,countries/caf
Central African Republic,CAF,41.3954463638421,Rights and freedoms,NA,NA,Not enough data,NA,Off course,countries/caf
Central African Republic,CAF,41.3954463638421,Responsibility and sustainability,51.2785,NA,NA,Getting on track,Off course,countries/caf
Central African Republic,CAF,41.3954463638421,Trust and resilience,24.1093,NA,NA,Off course,Off course,countries/caf
Chad,TCD,35.5820124135687,Connectivity and infrastructure,23.7828,NA,NA,Off course,Off course,countries/tcd
Chad,TCD,35.5820124135687,Rights and freedoms,NA,NA,Not enough data,NA,Off course,countries/tcd
Chad,TCD,35.5820124135687,Responsibility and sustainability,52.6812,NA,NA,Getting on track,Off course,countries/tcd
Chad,TCD,35.5820124135687,Trust and resilience,37.1427,NA,NA,Off course,Off course,countries/tcd
Chile,CHL,72.8688592810868,Connectivity and infrastructure,81.699,NA,NA,Leading,On track,countries/chl
Chile,CHL,72.8688592810868,Rights and freedoms,82.2416,NA,NA,Leading,On track,countries/chl
Chile,CHL,72.8688592810868,Responsibility and sustainability,56.5218,NA,NA,Getting on track,On track,countries/chl
Chile,CHL,72.8688592810868,Trust and resilience,71.013,NA,NA,On track,On track,countries/chl
China,CHN,46.9915394313642,Connectivity and infrastructure,67.0327,NA,NA,On track,Off course,countries/chn
China,CHN,46.9915394313642,Rights and freedoms,21.7706,NA,NA,Off course,Off course,countries/chn
China,CHN,46.9915394313642,Responsibility and sustainability,44.1272,NA,NA,Off course,Off course,countries/chn
China,CHN,46.9915394313642,Trust and resilience,55.0356,NA,NA,Getting on track,Off course,countries/chn
Colombia,COL,64.9552970129475,Connectivity and infrastructure,74.2809,NA,NA,On track,Getting on track,countries/col
Colombia,COL,64.9552970129475,Rights and freedoms,61.0178,NA,NA,Getting on track,Getting on track,countries/col
Colombia,COL,64.9552970129475,Responsibility and sustainability,59.6302,NA,NA,Getting on track,Getting on track,countries/col
Colombia,COL,64.9552970129475,Trust and resilience,64.8923,NA,NA,Getting on track,Getting on track,countries/col
Comoros,COM,50.9991177134833,Connectivity and infrastructure,NA,NA,Not enough data,NA,Getting on track,countries/com
Comoros,COM,50.9991177134833,Rights and freedoms,NA,NA,Not enough data,NA,Getting on track,countries/com
Comoros,COM,50.9991177134833,Responsibility and sustainability,NA,NA,Not enough data,NA,Getting on track,countries/com
Comoros,COM,50.9991177134833,Trust and resilience,36.4413,NA,NA,Off course,Getting on track,countries/com
Congo,COG,39.0103187723913,Connectivity and infrastructure,NA,NA,Not enough data,NA,Off course,countries/cog
Congo,COG,39.0103187723913,Rights and freedoms,NA,NA,Not enough data,NA,Off course,countries/cog
Congo,COG,39.0103187723913,Responsibility and sustainability,48.7992,NA,NA,Off course,Off course,countries/cog
Congo,COG,39.0103187723913,Trust and resilience,34.8675,NA,NA,Off course,Off course,countries/cog
Costa Rica,CRI,72.6466374597916,Connectivity and infrastructure,79.4145,NA,NA,Leading,On track,countries/cri
Costa Rica,CRI,72.6466374597916,Rights and freedoms,81.1914,NA,NA,Leading,On track,countries/cri
Costa Rica,CRI,72.6466374597916,Responsibility and sustainability,55.0124,NA,NA,Getting on track,On track,countries/cri
Costa Rica,CRI,72.6466374597916,Trust and resilience,74.9683,NA,NA,On track,On track,countries/cri
Côte D’Ivoire,CIV,60.4765414983353,Connectivity and infrastructure,69.2776,NA,NA,On track,Getting on track,countries/civ
Côte D’Ivoire,CIV,60.4765414983353,Rights and freedoms,NA,NA,Not enough data,NA,Getting on track,countries/civ
Côte D’Ivoire,CIV,60.4765414983353,Responsibility and sustainability,60.6417,NA,NA,Getting on track,Getting on track,countries/civ
Côte D’Ivoire,CIV,60.4765414983353,Trust and resilience,NA,NA,Not enough data,NA,Getting on track,countries/civ
Croatia,HRV,67.4120384194676,Connectivity and infrastructure,80.5199,NA,NA,Leading,On track,countries/hrv
Croatia,HRV,67.4120384194676,Rights and freedoms,NA,NA,Not enough data,NA,On track,countries/hrv
Croatia,HRV,67.4120384194676,Responsibility and sustainability,43.998,NA,NA,Off course,On track,countries/hrv
Croatia,HRV,67.4120384194676,Trust and resilience,74.9669,NA,NA,On track,On track,countries/hrv
Cuba,CUB,NA,Connectivity and infrastructure,NA,Not enough data,Not enough data,NA,NA,countries/cub
Cuba,CUB,NA,Rights and freedoms,NA,Not enough data,Not enough data,NA,NA,countries/cub
Cuba,CUB,NA,Responsibility and sustainability,NA,Not enough data,Not enough data,NA,NA,countries/cub
Cuba,CUB,NA,Trust and resilience,40.3552,Not enough data,NA,Off course,NA,countries/cub
Cyprus,CYP,73.033895521141,Connectivity and infrastructure,81.7591,NA,NA,Leading,On track,countries/cyp
Cyprus,CYP,73.033895521141,Rights and freedoms,NA,NA,Not enough data,NA,On track,countries/cyp
Cyprus,CYP,73.033895521141,Responsibility and sustainability,NA,NA,Not enough data,NA,On track,countries/cyp
Cyprus,CYP,73.033895521141,Trust and resilience,78.2711,NA,NA,On track,On track,countries/cyp
Czechia,CZE,78.8883023133791,Connectivity and infrastructure,83.8218,NA,NA,Leading,On track,countries/cze
Czechia,CZE,78.8883023133791,Rights and freedoms,NA,NA,Not enough data,NA,On track,countries/cze
Czechia,CZE,78.8883023133791,Responsibility and sustainability,NA,NA,Not enough data,NA,On track,countries/cze
Czechia,CZE,78.8883023133791,Trust and resilience,80.6947,NA,NA,Leading,On track,countries/cze
Democratic Republic of The Congo,COD,47.8590471873164,Connectivity and infrastructure,50.8311,NA,NA,Getting on track,Off course,countries/cod
Democratic Republic of The Congo,COD,47.8590471873164,Rights and freedoms,NA,NA,Not enough data,NA,Off course,countries/cod
Democratic Republic of The Congo,COD,47.8590471873164,Responsibility and sustainability,NA,NA,Not enough data,NA,Off course,countries/cod
Democratic Republic of The Congo,COD,47.8590471873164,Trust and resilience,NA,NA,Not enough data,NA,Off course,countries/cod
Denmark,DNK,82.1083690877948,Connectivity and infrastructure,89.9326,NA,NA,Leading,Leading,countries/dnk
Denmark,DNK,82.1083690877948,Rights and freedoms,NA,NA,Not enough data,NA,Leading,countries/dnk
Denmark,DNK,82.1083690877948,Responsibility and sustainability,NA,NA,Not enough data,NA,Leading,countries/dnk
Denmark,DNK,82.1083690877948,Trust and resilience,88.2167,NA,NA,Leading,Leading,countries/dnk
Djibouti,DJI,54.2301605893838,Connectivity and infrastructure,NA,NA,Not enough data,NA,Getting on track,countries/dji
Djibouti,DJI,54.2301605893838,Rights and freedoms,NA,NA,Not enough data,NA,Getting on track,countries/dji
Djibouti,DJI,54.2301605893838,Responsibility and sustainability,NA,NA,Not enough data,NA,Getting on track,countries/dji
Djibouti,DJI,54.2301605893838,Trust and resilience,35.9347,NA,NA,Off course,Getting on track,countries/dji
Dominica,DMA,NA,Connectivity and infrastructure,NA,Not enough data,Not enough data,NA,NA,countries/dma
Dominica,DMA,NA,Rights and freedoms,NA,Not enough data,Not enough data,NA,NA,countries/dma
Dominica,DMA,NA,Responsibility and sustainability,NA,Not enough data,Not enough data,NA,NA,countries/dma
Dominica,DMA,NA,Trust and resilience,NA,Not enough data,Not enough data,NA,NA,countries/dma
Dominican Republic,DOM,64.6140520927053,Connectivity and infrastructure,73.557,NA,NA,On track,Getting on track,countries/dom
Dominican Republic,DOM,64.6140520927053,Rights and freedoms,NA,NA,Not enough data,NA,Getting on track,countries/dom
Dominican Republic,DOM,64.6140520927053,Responsibility and sustainability,59.8459,NA,NA,Getting on track,Getting on track,countries/dom
Dominican Republic,DOM,64.6140520927053,Trust and resilience,64.4027,NA,NA,Getting on track,Getting on track,countries/dom
Ecuador,ECU,58.9772878516968,Connectivity and infrastructure,54.9999,NA,NA,Getting on track,Getting on track,countries/ecu
Ecuador,ECU,58.9772878516968,Rights and freedoms,58.0717,NA,NA,Getting on track,Getting on track,countries/ecu
Ecuador,ECU,58.9772878516968,Responsibility and sustainability,51.4075,NA,NA,Getting on track,Getting on track,countries/ecu
Ecuador,ECU,58.9772878516968,Trust and resilience,71.43,NA,NA,On track,Getting on track,countries/ecu
Egypt,EGY,46.7101400615296,Connectivity and infrastructure,56.4955,NA,NA,Getting on track,Off course,countries/egy
Egypt,EGY,46.7101400615296,Rights and freedoms,27.0275,NA,NA,Off course,Off course,countries/egy
Egypt,EGY,46.7101400615296,Responsibility and sustainability,44.5442,NA,NA,Off course,Off course,countries/egy
Egypt,EGY,46.7101400615296,Trust and resilience,58.7733,NA,NA,Getting on track,Off course,countries/egy
El Salvador,SLV,52.4478908285585,Connectivity and infrastructure,68.4869,NA,NA,On track,Getting on track,countries/slv
El Salvador,SLV,52.4478908285585,Rights and freedoms,NA,NA,Not enough data,NA,Getting on track,countries/slv
El Salvador,SLV,52.4478908285585,Responsibility and sustainability,53.2138,NA,NA,Getting on track,Getting on track,countries/slv
El Salvador,SLV,52.4478908285585,Trust and resilience,40.5579,NA,NA,Off course,Getting on track,countries/slv
Equatorial Guinea,GNQ,35.4821614447123,Connectivity and infrastructure,NA,NA,Not enough data,NA,Off course,countries/gnq
Equatorial Guinea,GNQ,35.4821614447123,Rights and freedoms,NA,NA,Not enough data,NA,Off course,countries/gnq
Equatorial Guinea,GNQ,35.4821614447123,Responsibility and sustainability,NA,NA,Not enough data,NA,Off course,countries/gnq
Equatorial Guinea,GNQ,35.4821614447123,Trust and resilience,27.691,NA,NA,Off course,Off course,countries/gnq
Eritrea,ERI,NA,Connectivity and infrastructure,NA,Not enough data,Not enough data,NA,NA,countries/eri
Eritrea,ERI,NA,Rights and freedoms,NA,Not enough data,Not enough data,NA,NA,countries/eri
Eritrea,ERI,NA,Responsibility and sustainability,45.7665,Not enough data,NA,Off course,NA,countries/eri
Eritrea,ERI,NA,Trust and resilience,NA,Not enough data,Not enough data,NA,NA,countries/eri
Estonia,EST,81.9625586413634,Connectivity and infrastructure,88.5825,NA,NA,Leading,Leading,countries/est
Estonia,EST,81.9625586413634,Rights and freedoms,89.9019,NA,NA,Leading,Leading,countries/est
Estonia,EST,81.9625586413634,Responsibility and sustainability,65.5201,NA,NA,On track,Leading,countries/est
Estonia,EST,81.9625586413634,Trust and resilience,83.8457,NA,NA,Leading,Leading,countries/est
Eswatini,SWZ,NA,Connectivity and infrastructure,NA,Not enough data,Not enough data,NA,NA,countries/swz
Eswatini,SWZ,NA,Rights and freedoms,NA,Not enough data,Not enough data,NA,NA,countries/swz
Eswatini,SWZ,NA,Responsibility and sustainability,NA,Not enough data,Not enough data,NA,NA,countries/swz
Eswatini,SWZ,NA,Trust and resilience,49.0598,Not enough data,NA,Off course,NA,countries/swz
Ethiopia,ETH,39.1956866895868,Connectivity and infrastructure,29.1336,NA,NA,Off course,Off course,countries/eth
Ethiopia,ETH,39.1956866895868,Rights and freedoms,27.3763,NA,NA,Off course,Off course,countries/eth
Ethiopia,ETH,39.1956866895868,Responsibility and sustainability,48.3771,NA,NA,Off course,Off course,countries/eth
Ethiopia,ETH,39.1956866895868,Trust and resilience,51.8958,NA,NA,Getting on track,Off course,countries/eth
Fiji,FJI,NA,Connectivity and infrastructure,NA,Not enough data,Not enough data,NA,NA,countries/fji
Fiji,FJI,NA,Rights and freedoms,NA,Not enough data,Not enough data,NA,NA,countries/fji
Fiji,FJI,NA,Responsibility and sustainability,NA,Not enough data,Not enough data,NA,NA,countries/fji
Fiji,FJI,NA,Trust and resilience,55.2006,Not enough data,NA,Getting on track,NA,countries/fji
Finland,FIN,79.0184503427166,Connectivity and infrastructure,91.2852,NA,NA,Leading,Leading,countries/fin
Finland,FIN,79.0184503427166,Rights and freedoms,NA,NA,Not enough data,NA,Leading,countries/fin
Finland,FIN,79.0184503427166,Responsibility and sustainability,49.0358,NA,NA,Off course,Leading,countries/fin
Finland,FIN,79.0184503427166,Trust and resilience,86.9233,NA,NA,Leading,Leading,countries/fin
France,FRA,75.2916116131438,Connectivity and infrastructure,86.1702,NA,NA,Leading,On track,countries/fra
France,FRA,75.2916116131438,Rights and freedoms,79.1581,NA,NA,Leading,On track,countries/fra
France,FRA,75.2916116131438,Responsibility and sustainability,52.4222,NA,NA,Getting on track,On track,countries/fra
France,FRA,75.2916116131438,Trust and resilience,83.4159,NA,NA,Leading,On track,countries/fra
Gabon,GAB,45.1286042206557,Connectivity and infrastructure,NA,NA,Not enough data,NA,Off course,countries/gab
Gabon,GAB,45.1286042206557,Rights and freedoms,NA,NA,Not enough data,NA,Off course,countries/gab
Gabon,GAB,45.1286042206557,Responsibility and sustainability,44.709,NA,NA,Off course,Off course,countries/gab
Gabon,GAB,45.1286042206557,Trust and resilience,44.9397,NA,NA,Off course,Off course,countries/gab
Gambia,GMB,58.8017430979766,Connectivity and infrastructure,NA,NA,Not enough data,NA,Getting on track,countries/gmb
Gambia,GMB,58.8017430979766,Rights and freedoms,51.6662,NA,NA,Getting on track,Getting on track,countries/gmb
Gambia,GMB,58.8017430979766,Responsibility and sustainability,53.4288,NA,NA,Getting on track,Getting on track,countries/gmb
Gambia,GMB,58.8017430979766,Trust and resilience,57.5775,NA,NA,Getting on track,Getting on track,countries/gmb
Georgia,GEO,67.0206035860788,Connectivity and infrastructure,79.0319,NA,NA,Leading,On track,countries/geo
Georgia,GEO,67.0206035860788,Rights and freedoms,62.8545,NA,NA,Getting on track,On track,countries/geo
Georgia,GEO,67.0206035860788,Responsibility and sustainability,55.0539,NA,NA,Getting on track,On track,countries/geo
Georgia,GEO,67.0206035860788,Trust and resilience,71.1421,NA,NA,On track,On track,countries/geo
Germany,DEU,79.4435678152186,Connectivity and infrastructure,87.1145,NA,NA,Leading,Leading,countries/deu
Germany,DEU,79.4435678152186,Rights and freedoms,85.1429,NA,NA,Leading,Leading,countries/deu
Germany,DEU,79.4435678152186,Responsibility and sustainability,61.007,NA,NA,Getting on track,Leading,countries/deu
Germany,DEU,79.4435678152186,Trust and resilience,84.5098,NA,NA,Leading,Leading,countries/deu
Ghana,GHA,66.7143272268587,Connectivity and infrastructure,70.05,NA,NA,On track,On track,countries/gha
Ghana,GHA,66.7143272268587,Rights and freedoms,66.5859,NA,NA,On track,On track,countries/gha
Ghana,GHA,66.7143272268587,Responsibility and sustainability,58.6473,NA,NA,Getting on track,On track,countries/gha
Ghana,GHA,66.7143272268587,Trust and resilience,71.5741,NA,NA,On track,On track,countries/gha
Greece,GRC,70.0232631440672,Connectivity and infrastructure,79.7988,NA,NA,Leading,On track,countries/grc
Greece,GRC,70.0232631440672,Rights and freedoms,NA,NA,Not enough data,NA,On track,countries/grc
Greece,GRC,70.0232631440672,Responsibility and sustainability,49.7073,NA,NA,Off course,On track,countries/grc
Greece,GRC,70.0232631440672,Trust and resilience,78.8555,NA,NA,On track,On track,countries/grc
Grenada,GRD,NA,Connectivity and infrastructure,NA,Not enough data,Not enough data,NA,NA,countries/grd
Grenada,GRD,NA,Rights and freedoms,NA,Not enough data,Not enough data,NA,NA,countries/grd
Grenada,GRD,NA,Responsibility and sustainability,NA,Not enough data,Not enough data,NA,NA,countries/grd
Grenada,GRD,NA,Trust and resilience,NA,Not enough data,Not enough data,NA,NA,countries/grd
Guatemala,GTM,52.4160489304026,Connectivity and infrastructure,62.7391,NA,NA,Getting on track,Getting on track,countries/gtm
Guatemala,GTM,52.4160489304026,Rights and freedoms,NA,NA,Not enough data,NA,Getting on track,countries/gtm
Guatemala,GTM,52.4160489304026,Responsibility and sustainability,50.4539,NA,NA,Getting on track,Getting on track,countries/gtm
Guatemala,GTM,52.4160489304026,Trust and resilience,48.2193,NA,NA,Off course,Getting on track,countries/gtm
Guinea,GIN,42.9783328863321,Connectivity and infrastructure,NA,NA,Not enough data,NA,Off course,countries/gin
Guinea,GIN,42.9783328863321,Rights and freedoms,NA,NA,Not enough data,NA,Off course,countries/gin
Guinea,GIN,42.9783328863321,Responsibility and sustainability,50.5752,NA,NA,Getting on track,Off course,countries/gin
Guinea,GIN,42.9783328863321,Trust and resilience,43.4666,NA,NA,Off course,Off course,countries/gin
Guinea-Bissau,GNB,53.72726072883,Connectivity and infrastructure,NA,NA,Not enough data,NA,Getting on track,countries/gnb
Guinea-Bissau,GNB,53.72726072883,Rights and freedoms,NA,NA,Not enough data,NA,Getting on track,countries/gnb
Guinea-Bissau,GNB,53.72726072883,Responsibility and sustainability,NA,NA,Not enough data,NA,Getting on track,countries/gnb
Guinea-Bissau,GNB,53.72726072883,Trust and resilience,34.3772,NA,NA,Off course,Getting on track,countries/gnb
Guyana,GUY,57.4531437631787,Connectivity and infrastructure,NA,NA,Not enough data,NA,Getting on track,countries/guy
Guyana,GUY,57.4531437631787,Rights and freedoms,NA,NA,Not enough data,NA,Getting on track,countries/guy
Guyana,GUY,57.4531437631787,Responsibility and sustainability,44.9173,NA,NA,Off course,Getting on track,countries/guy
Guyana,GUY,57.4531437631787,Trust and resilience,52.7683,NA,NA,Getting on track,Getting on track,countries/guy
Haiti,HTI,46.9139860428683,Connectivity and infrastructure,NA,NA,Not enough data,NA,Off course,countries/hti
Haiti,HTI,46.9139860428683,Rights and freedoms,NA,NA,Not enough data,NA,Off course,countries/hti
Haiti,HTI,46.9139860428683,Responsibility and sustainability,50.379,NA,NA,Getting on track,Off course,countries/hti
Haiti,HTI,46.9139860428683,Trust and resilience,37.9936,NA,NA,Off course,Off course,countries/hti
Honduras,HND,54.5024889384868,Connectivity and infrastructure,65.7634,NA,NA,On track,Getting on track,countries/hnd
Honduras,HND,54.5024889384868,Rights and freedoms,NA,NA,Not enough data,NA,Getting on track,countries/hnd
Honduras,HND,54.5024889384868,Responsibility and sustainability,57.3852,NA,NA,Getting on track,Getting on track,countries/hnd
Honduras,HND,54.5024889384868,Trust and resilience,46.7989,NA,NA,Off course,Getting on track,countries/hnd
Hungary,HUN,66.0068402835034,Connectivity and infrastructure,80.9098,NA,NA,Leading,On track,countries/hun
Hungary,HUN,66.0068402835034,Rights and freedoms,61.7654,NA,NA,Getting on track,On track,countries/hun
Hungary,HUN,66.0068402835034,Responsibility and sustainability,53.0026,NA,NA,Getting on track,On track,countries/hun
Hungary,HUN,66.0068402835034,Trust and resilience,68.3495,NA,NA,On track,On track,countries/hun
Iceland,ISL,79.1466634226939,Connectivity and infrastructure,86.9214,NA,NA,Leading,Leading,countries/isl
Iceland,ISL,79.1466634226939,Rights and freedoms,NA,NA,Not enough data,NA,Leading,countries/isl
Iceland,ISL,79.1466634226939,Responsibility and sustainability,NA,NA,Not enough data,NA,Leading,countries/isl
Iceland,ISL,79.1466634226939,Trust and resilience,81.942,NA,NA,Leading,Leading,countries/isl
India,IND,54.8279235115265,Connectivity and infrastructure,NA,NA,Not enough data,NA,Getting on track,countries/ind
India,IND,54.8279235115265,Rights and freedoms,54.2509,NA,NA,Getting on track,Getting on track,countries/ind
India,IND,54.8279235115265,Responsibility and sustainability,58.8226,NA,NA,Getting on track,Getting on track,countries/ind
India,IND,54.8279235115265,Trust and resilience,70.0709,NA,NA,On track,Getting on track,countries/ind
Indonesia,IDN,57.8937315225741,Connectivity and infrastructure,59.0768,NA,NA,Getting on track,Getting on track,countries/idn
Indonesia,IDN,57.8937315225741,Rights and freedoms,52.5891,NA,NA,Getting on track,Getting on track,countries/idn
Indonesia,IDN,57.8937315225741,Responsibility and sustainability,47.2424,NA,NA,Off course,Getting on track,countries/idn
Indonesia,IDN,57.8937315225741,Trust and resilience,72.6667,NA,NA,On track,Getting on track,countries/idn
Iran,IRN,41.7099081453268,Connectivity and infrastructure,49.5864,NA,NA,Off course,Off course,countries/irn
Iran,IRN,41.7099081453268,Rights and freedoms,20.5227,NA,NA,Off course,Off course,countries/irn
Iran,IRN,41.7099081453268,Responsibility and sustainability,NA,NA,Not enough data,NA,Off course,countries/irn
Iran,IRN,41.7099081453268,Trust and resilience,49.2611,NA,NA,Off course,Off course,countries/irn
Iraq,IRQ,49.3390223972369,Connectivity and infrastructure,NA,NA,Not enough data,NA,Off course,countries/irq
Iraq,IRQ,49.3390223972369,Rights and freedoms,NA,NA,Not enough data,NA,Off course,countries/irq
Iraq,IRQ,49.3390223972369,Responsibility and sustainability,NA,NA,Not enough data,NA,Off course,countries/irq
Iraq,IRQ,49.3390223972369,Trust and resilience,50.8395,NA,NA,Getting on track,Off course,countries/irq
Ireland,IRL,78.9855534558283,Connectivity and infrastructure,85.634,NA,NA,Leading,On track,countries/irl
Ireland,IRL,78.9855534558283,Rights and freedoms,NA,NA,Not enough data,NA,On track,countries/irl
Ireland,IRL,78.9855534558283,Responsibility and sustainability,61.9139,NA,NA,Getting on track,On track,countries/irl
Ireland,IRL,78.9855534558283,Trust and resilience,82.3876,NA,NA,Leading,On track,countries/irl
Israel,ISR,76.3134322956904,Connectivity and infrastructure,87.6536,NA,NA,Leading,On track,countries/isr
Israel,ISR,76.3134322956904,Rights and freedoms,NA,NA,Not enough data,NA,On track,countries/isr
Israel,ISR,76.3134322956904,Responsibility and sustainability,NA,NA,Not enough data,NA,On track,countries/isr
Israel,ISR,76.3134322956904,Trust and resilience,78.461,NA,NA,On track,On track,countries/isr
Italy,ITA,75.2076921469717,Connectivity and infrastructure,83.7657,NA,NA,Leading,On track,countries/ita
Italy,ITA,75.2076921469717,Rights and freedoms,76.6627,NA,NA,On track,On track,countries/ita
Italy,ITA,75.2076921469717,Responsibility and sustainability,56.979,NA,NA,Getting on track,On track,countries/ita
Italy,ITA,75.2076921469717,Trust and resilience,83.4233,NA,NA,Leading,On track,countries/ita
Jamaica,JAM,64.2446619207468,Connectivity and infrastructure,73.1345,NA,NA,On track,Getting on track,countries/jam
Jamaica,JAM,64.2446619207468,Rights and freedoms,NA,NA,Not enough data,NA,Getting on track,countries/jam
Jamaica,JAM,64.2446619207468,Responsibility and sustainability,55.1748,NA,NA,Getting on track,Getting on track,countries/jam
Jamaica,JAM,64.2446619207468,Trust and resilience,61.5761,NA,NA,Getting on track,Getting on track,countries/jam
Japan,JPN,75.7289684054688,Connectivity and infrastructure,88.054,NA,NA,Leading,On track,countries/jpn
Japan,JPN,75.7289684054688,Rights and freedoms,84.2116,NA,NA,Leading,On track,countries/jpn
Japan,JPN,75.7289684054688,Responsibility and sustainability,50.5426,NA,NA,Getting on track,On track,countries/jpn
Japan,JPN,75.7289684054688,Trust and resilience,80.1077,NA,NA,Leading,On track,countries/jpn
Jordan,JOR,57.1826466837573,Connectivity and infrastructure,55.9031,NA,NA,Getting on track,Getting on track,countries/jor
Jordan,JOR,57.1826466837573,Rights and freedoms,45.269,NA,NA,Off course,Getting on track,countries/jor
Jordan,JOR,57.1826466837573,Responsibility and sustainability,58.9844,NA,NA,Getting on track,Getting on track,countries/jor
Jordan,JOR,57.1826466837573,Trust and resilience,68.5741,NA,NA,On track,Getting on track,countries/jor
Kazakhstan,KAZ,50.443752870018,Connectivity and infrastructure,59.8318,NA,NA,Getting on track,Getting on track,countries/kaz
Kazakhstan,KAZ,50.443752870018,Rights and freedoms,36.8689,NA,NA,Off course,Getting on track,countries/kaz
Kazakhstan,KAZ,50.443752870018,Responsibility and sustainability,41.7732,NA,NA,Off course,Getting on track,countries/kaz
Kazakhstan,KAZ,50.443752870018,Trust and resilience,63.3011,NA,NA,Getting on track,Getting on track,countries/kaz
Kenya,KEN,57.6796221429685,Connectivity and infrastructure,53.1323,NA,NA,Getting on track,Getting on track,countries/ken
Kenya,KEN,57.6796221429685,Rights and freedoms,53.4281,NA,NA,Getting on track,Getting on track,countries/ken
Kenya,KEN,57.6796221429685,Responsibility and sustainability,52.1608,NA,NA,Getting on track,Getting on track,countries/ken
Kenya,KEN,57.6796221429685,Trust and resilience,71.9973,NA,NA,On track,Getting on track,countries/ken
Kiribati,KIR,NA,Connectivity and infrastructure,NA,Not enough data,Not enough data,NA,NA,countries/kir
Kiribati,KIR,NA,Rights and freedoms,NA,Not enough data,Not enough data,NA,NA,countries/kir
Kiribati,KIR,NA,Responsibility and sustainability,NA,Not enough data,Not enough data,NA,NA,countries/kir
Kiribati,KIR,NA,Trust and resilience,NA,Not enough data,Not enough data,NA,NA,countries/kir
Kosovo,XKX,NA,Connectivity and infrastructure,NA,Not enough data,Not enough data,NA,NA,countries/xkx
Kosovo,XKX,NA,Rights and freedoms,NA,Not enough data,Not enough data,NA,NA,countries/xkx
Kosovo,XKX,NA,Responsibility and sustainability,NA,Not enough data,Not enough data,NA,NA,countries/xkx
Kosovo,XKX,NA,Trust and resilience,NA,Not enough data,Not enough data,NA,NA,countries/xkx
Kuwait,KWT,56.8758386349522,Connectivity and infrastructure,83.1003,NA,NA,Leading,Getting on track,countries/kwt
Kuwait,KWT,56.8758386349522,Rights and freedoms,NA,NA,Not enough data,NA,Getting on track,countries/kwt
Kuwait,KWT,56.8758386349522,Responsibility and sustainability,36.4974,NA,NA,Off course,Getting on track,countries/kwt
Kuwait,KWT,56.8758386349522,Trust and resilience,59.1692,NA,NA,Getting on track,Getting on track,countries/kwt
Kyrgyzstan,KGZ,57.0128743127915,Connectivity and infrastructure,77.485,NA,NA,On track,Getting on track,countries/kgz
Kyrgyzstan,KGZ,57.0128743127915,Rights and freedoms,39.7769,NA,NA,Off course,Getting on track,countries/kgz
Kyrgyzstan,KGZ,57.0128743127915,Responsibility and sustainability,55.3468,NA,NA,Getting on track,Getting on track,countries/kgz
Kyrgyzstan,KGZ,57.0128743127915,Trust and resilience,55.4428,NA,NA,Getting on track,Getting on track,countries/kgz
Laos,LAO,46.1353420559495,Connectivity and infrastructure,67.2215,NA,NA,On track,Off course,countries/lao
Laos,LAO,46.1353420559495,Rights and freedoms,NA,NA,Not enough data,NA,Off course,countries/lao
Laos,LAO,46.1353420559495,Responsibility and sustainability,48.9507,NA,NA,Off course,Off course,countries/lao
Laos,LAO,46.1353420559495,Trust and resilience,33.2789,NA,NA,Off course,Off course,countries/lao
Latvia,LVA,73.9529617109258,Connectivity and infrastructure,83.9932,NA,NA,Leading,On track,countries/lva
Latvia,LVA,73.9529617109258,Rights and freedoms,NA,NA,Not enough data,NA,On track,countries/lva
Latvia,LVA,73.9529617109258,Responsibility and sustainability,56.5133,NA,NA,Getting on track,On track,countries/lva
Latvia,LVA,73.9529617109258,Trust and resilience,76.5597,NA,NA,On track,On track,countries/lva
Lebanon,LBN,48.0557318613207,Connectivity and infrastructure,NA,NA,Not enough data,NA,Off course,countries/lbn
Lebanon,LBN,48.0557318613207,Rights and freedoms,44.3869,NA,NA,Off course,Off course,countries/lbn
Lebanon,LBN,48.0557318613207,Responsibility and sustainability,NA,NA,Not enough data,NA,Off course,countries/lbn
Lebanon,LBN,48.0557318613207,Trust and resilience,44.8114,NA,NA,Off course,Off course,countries/lbn
Lesotho,LSO,54.1878285350413,Connectivity and infrastructure,58.8175,NA,NA,Getting on track,Getting on track,countries/lso
Lesotho,LSO,54.1878285350413,Rights and freedoms,NA,NA,Not enough data,NA,Getting on track,countries/lso
Lesotho,LSO,54.1878285350413,Responsibility and sustainability,52.0811,NA,NA,Getting on track,Getting on track,countries/lso
Lesotho,LSO,54.1878285350413,Trust and resilience,47.7275,NA,NA,Off course,Getting on track,countries/lso
Liberia,LBR,48.9028650363395,Connectivity and infrastructure,NA,NA,Not enough data,NA,Off course,countries/lbr
Liberia,LBR,48.9028650363395,Rights and freedoms,NA,NA,Not enough data,NA,Off course,countries/lbr
Liberia,LBR,48.9028650363395,Responsibility and sustainability,54.3327,NA,NA,Getting on track,Off course,countries/lbr
Liberia,LBR,48.9028650363395,Trust and resilience,42.84,NA,NA,Off course,Off course,countries/lbr
Libya,LBY,48.0479020804796,Connectivity and infrastructure,NA,NA,Not enough data,NA,Off course,countries/lby
Libya,LBY,48.0479020804796,Rights and freedoms,NA,NA,Not enough data,NA,Off course,countries/lby
Libya,LBY,48.0479020804796,Responsibility and sustainability,28.1949,NA,NA,Off course,Off course,countries/lby
Libya,LBY,48.0479020804796,Trust and resilience,51.5981,NA,NA,Getting on track,Off course,countries/lby
Liechtenstein,LIE,NA,Connectivity and infrastructure,NA,Not enough data,Not enough data,NA,NA,countries/lie
Liechtenstein,LIE,NA,Rights and freedoms,NA,Not enough data,Not enough data,NA,NA,countries/lie
Liechtenstein,LIE,NA,Responsibility and sustainability,NA,Not enough data,Not enough data,NA,NA,countries/lie
Liechtenstein,LIE,NA,Trust and resilience,NA,Not enough data,Not enough data,NA,NA,countries/lie
Lithuania,LTU,75.6952727442699,Connectivity and infrastructure,84.7181,NA,NA,Leading,On track,countries/ltu
Lithuania,LTU,75.6952727442699,Rights and freedoms,NA,NA,Not enough data,NA,On track,countries/ltu
Lithuania,LTU,75.6952727442699,Responsibility and sustainability,56.6185,NA,NA,Getting on track,On track,countries/ltu
Lithuania,LTU,75.6952727442699,Trust and resilience,80.7611,NA,NA,Leading,On track,countries/ltu
Luxembourg,LUX,79.6252368642483,Connectivity and infrastructure,86.0153,NA,NA,Leading,Leading,countries/lux
Luxembourg,LUX,79.6252368642483,Rights and freedoms,NA,NA,Not enough data,NA,Leading,countries/lux
Luxembourg,LUX,79.6252368642483,Responsibility and sustainability,NA,NA,Not enough data,NA,Leading,countries/lux
Luxembourg,LUX,79.6252368642483,Trust and resilience,85.7555,NA,NA,Leading,Leading,countries/lux
Madagascar,MDG,55.140046873368,Connectivity and infrastructure,52.2997,NA,NA,Getting on track,Getting on track,countries/mdg
Madagascar,MDG,55.140046873368,Rights and freedoms,NA,NA,Not enough data,NA,Getting on track,countries/mdg
Madagascar,MDG,55.140046873368,Responsibility and sustainability,NA,NA,Not enough data,NA,Getting on track,countries/mdg
Madagascar,MDG,55.140046873368,Trust and resilience,44.1012,NA,NA,Off course,Getting on track,countries/mdg
Malawi,MWI,53.326219375578,Connectivity and infrastructure,39.0411,NA,NA,Off course,Getting on track,countries/mwi
Malawi,MWI,53.326219375578,Rights and freedoms,58.6515,NA,NA,Getting on track,Getting on track,countries/mwi
Malawi,MWI,53.326219375578,Responsibility and sustainability,53.3486,NA,NA,Getting on track,Getting on track,countries/mwi
Malawi,MWI,53.326219375578,Trust and resilience,62.2636,NA,NA,Getting on track,Getting on track,countries/mwi
Malaysia,MYS,66.8574311593141,Connectivity and infrastructure,84.2946,NA,NA,Leading,On track,countries/mys
Malaysia,MYS,66.8574311593141,Rights and freedoms,56.6701,NA,NA,Getting on track,On track,countries/mys
Malaysia,MYS,66.8574311593141,Responsibility and sustainability,53.1994,NA,NA,Getting on track,On track,countries/mys
Malaysia,MYS,66.8574311593141,Trust and resilience,73.2657,NA,NA,On track,On track,countries/mys
Maldives,MDV,NA,Connectivity and infrastructure,NA,Not enough data,Not enough data,NA,NA,countries/mdv
Maldives,MDV,NA,Rights and freedoms,NA,Not enough data,Not enough data,NA,NA,countries/mdv
Maldives,MDV,NA,Responsibility and sustainability,NA,Not enough data,Not enough data,NA,NA,countries/mdv
Maldives,MDV,NA,Trust and resilience,45.6314,Not enough data,NA,Off course,NA,countries/mdv
Mali,MLI,42.7575445677441,Connectivity and infrastructure,40.0703,NA,NA,Off course,Off course,countries/mli
Mali,MLI,42.7575445677441,Rights and freedoms,NA,NA,Not enough data,NA,Off course,countries/mli
Mali,MLI,42.7575445677441,Responsibility and sustainability,56.3236,NA,NA,Getting on track,Off course,countries/mli
Mali,MLI,42.7575445677441,Trust and resilience,39.2567,NA,NA,Off course,Off course,countries/mli
Malta,MLT,77.3100558005379,Connectivity and infrastructure,84.4166,NA,NA,Leading,On track,countries/mlt
Malta,MLT,77.3100558005379,Rights and freedoms,NA,NA,Not enough data,NA,On track,countries/mlt
Malta,MLT,77.3100558005379,Responsibility and sustainability,NA,NA,Not enough data,NA,On track,countries/mlt
Malta,MLT,77.3100558005379,Trust and resilience,76.432,NA,NA,On track,On track,countries/mlt
Marshall Islands,MHL,NA,Connectivity and infrastructure,NA,Not enough data,Not enough data,NA,NA,countries/mhl
Marshall Islands,MHL,NA,Rights and freedoms,NA,Not enough data,Not enough data,NA,NA,countries/mhl
Marshall Islands,MHL,NA,Responsibility and sustainability,NA,Not enough data,Not enough data,NA,NA,countries/mhl
Marshall Islands,MHL,NA,Trust and resilience,NA,Not enough data,Not enough data,NA,NA,countries/mhl
Mauritania,MRT,47.910679963335,Connectivity and infrastructure,39.2793,NA,NA,Off course,Off course,countries/mrt
Mauritania,MRT,47.910679963335,Rights and freedoms,NA,NA,Not enough data,NA,Off course,countries/mrt
Mauritania,MRT,47.910679963335,Responsibility and sustainability,NA,NA,Not enough data,NA,Off course,countries/mrt
Mauritania,MRT,47.910679963335,Trust and resilience,43.1594,NA,NA,Off course,Off course,countries/mrt
Mauritius,MUS,62.542153991038,Connectivity and infrastructure,62.5459,NA,NA,Getting on track,Getting on track,countries/mus
Mauritius,MUS,62.542153991038,Rights and freedoms,NA,NA,Not enough data,NA,Getting on track,countries/mus
Mauritius,MUS,62.542153991038,Responsibility and sustainability,43.957,NA,NA,Off course,Getting on track,countries/mus
Mauritius,MUS,62.542153991038,Trust and resilience,74.0417,NA,NA,On track,Getting on track,countries/mus
Mexico,MEX,62.4906331801282,Connectivity and infrastructure,77.0083,NA,NA,On track,Getting on track,countries/mex
Mexico,MEX,62.4906331801282,Rights and freedoms,53.8251,NA,NA,Getting on track,Getting on track,countries/mex
Mexico,MEX,62.4906331801282,Responsibility and sustainability,52.3584,NA,NA,Getting on track,Getting on track,countries/mex
Mexico,MEX,62.4906331801282,Trust and resilience,66.7707,NA,NA,On track,Getting on track,countries/mex
Micronesia,FSM,NA,Connectivity and infrastructure,NA,Not enough data,Not enough data,NA,NA,countries/fsm
Micronesia,FSM,NA,Rights and freedoms,NA,Not enough data,Not enough data,NA,NA,countries/fsm
Micronesia,FSM,NA,Responsibility and sustainability,NA,Not enough data,Not enough data,NA,NA,countries/fsm
Micronesia,FSM,NA,Trust and resilience,NA,Not enough data,Not enough data,NA,NA,countries/fsm
Moldova,MDA,62.902827232575,Connectivity and infrastructure,75.4716,NA,NA,On track,Getting on track,countries/mda
Moldova,MDA,62.902827232575,Rights and freedoms,NA,NA,Not enough data,NA,Getting on track,countries/mda
Moldova,MDA,62.902827232575,Responsibility and sustainability,NA,NA,Not enough data,NA,Getting on track,countries/mda
Moldova,MDA,62.902827232575,Trust and resilience,66.6429,NA,NA,On track,Getting on track,countries/mda
Monaco,MCO,NA,Connectivity and infrastructure,NA,Not enough data,Not enough data,NA,NA,countries/mco
Monaco,MCO,NA,Rights and freedoms,NA,Not enough data,Not enough data,NA,NA,countries/mco
Monaco,MCO,NA,Responsibility and sustainability,NA,Not enough data,Not enough data,NA,NA,countries/mco
Monaco,MCO,NA,Trust and resilience,NA,Not enough data,Not enough data,NA,NA,countries/mco
Mongolia,MNG,63.3836126244749,Connectivity and infrastructure,76.9605,NA,NA,On track,Getting on track,countries/mng
Mongolia,MNG,63.3836126244749,Rights and freedoms,NA,NA,Not enough data,NA,Getting on track,countries/mng
Mongolia,MNG,63.3836126244749,Responsibility and sustainability,NA,NA,Not enough data,NA,Getting on track,countries/mng
Mongolia,MNG,63.3836126244749,Trust and resilience,58.9804,NA,NA,Getting on track,Getting on track,countries/mng
Montenegro,MNE,63.0004261224106,Connectivity and infrastructure,79.1614,NA,NA,Leading,Getting on track,countries/mne
Montenegro,MNE,63.0004261224106,Rights and freedoms,NA,NA,Not enough data,NA,Getting on track,countries/mne
Montenegro,MNE,63.0004261224106,Responsibility and sustainability,NA,NA,Not enough data,NA,Getting on track,countries/mne
Montenegro,MNE,63.0004261224106,Trust and resilience,66.4418,NA,NA,On track,Getting on track,countries/mne
Morocco,MAR,61.6677647227986,Connectivity and infrastructure,77.5776,NA,NA,On track,Getting on track,countries/mar
Morocco,MAR,61.6677647227986,Rights and freedoms,46.2905,NA,NA,Off course,Getting on track,countries/mar
Morocco,MAR,61.6677647227986,Responsibility and sustainability,56.3801,NA,NA,Getting on track,Getting on track,countries/mar
Morocco,MAR,61.6677647227986,Trust and resilience,66.4229,NA,NA,On track,Getting on track,countries/mar
Mozambique,MOZ,44.9328969295572,Connectivity and infrastructure,34.214,NA,NA,Off course,Off course,countries/moz
Mozambique,MOZ,44.9328969295572,Rights and freedoms,NA,NA,Not enough data,NA,Off course,countries/moz
Mozambique,MOZ,44.9328969295572,Responsibility and sustainability,52.3049,NA,NA,Getting on track,Off course,countries/moz
Mozambique,MOZ,44.9328969295572,Trust and resilience,51.6053,NA,NA,Getting on track,Off course,countries/moz
Myanmar/Burma,MMR,37.101370762273,Connectivity and infrastructure,NA,NA,Not enough data,NA,Off course,countries/mmr
Myanmar/Burma,MMR,37.101370762273,Rights and freedoms,16.5167,NA,NA,Off course,Off course,countries/mmr
Myanmar/Burma,MMR,37.101370762273,Responsibility and sustainability,46.1774,NA,NA,Off course,Off course,countries/mmr
Myanmar/Burma,MMR,37.101370762273,Trust and resilience,45.9272,NA,NA,Off course,Off course,countries/mmr
Namibia,NAM,57.8858201884661,Connectivity and infrastructure,67.4331,NA,NA,On track,Getting on track,countries/nam
Namibia,NAM,57.8858201884661,Rights and freedoms,NA,NA,Not enough data,NA,Getting on track,countries/nam
Namibia,NAM,57.8858201884661,Responsibility and sustainability,51.0452,NA,NA,Getting on track,Getting on track,countries/nam
Namibia,NAM,57.8858201884661,Trust and resilience,49.0496,NA,NA,Off course,Getting on track,countries/nam
Nauru,NRU,NA,Connectivity and infrastructure,NA,Not enough data,Not enough data,NA,NA,countries/nru
Nauru,NRU,NA,Rights and freedoms,NA,Not enough data,Not enough data,NA,NA,countries/nru
Nauru,NRU,NA,Responsibility and sustainability,NA,Not enough data,Not enough data,NA,NA,countries/nru
Nauru,NRU,NA,Trust and resilience,NA,Not enough data,Not enough data,NA,NA,countries/nru
Nepal,NPL,59.4301323026181,Connectivity and infrastructure,NA,NA,Not enough data,NA,Getting on track,countries/npl
Nepal,NPL,59.4301323026181,Rights and freedoms,NA,NA,Not enough data,NA,Getting on track,countries/npl
Nepal,NPL,59.4301323026181,Responsibility and sustainability,50.911,NA,NA,Getting on track,Getting on track,countries/npl
Nepal,NPL,59.4301323026181,Trust and resilience,63.8441,NA,NA,Getting on track,Getting on track,countries/npl
Netherlands,NLD,80.9800437125492,Connectivity and infrastructure,88.8146,NA,NA,Leading,Leading,countries/nld
Netherlands,NLD,80.9800437125492,Rights and freedoms,87.5464,NA,NA,Leading,Leading,countries/nld
Netherlands,NLD,80.9800437125492,Responsibility and sustainability,62.2116,NA,NA,Getting on track,Leading,countries/nld
Netherlands,NLD,80.9800437125492,Trust and resilience,85.3475,NA,NA,Leading,Leading,countries/nld
New Zealand,NZL,74.9944020641792,Connectivity and infrastructure,85.3752,NA,NA,Leading,On track,countries/nzl
New Zealand,NZL,74.9944020641792,Rights and freedoms,NA,NA,Not enough data,NA,On track,countries/nzl
New Zealand,NZL,74.9944020641792,Responsibility and sustainability,49.3466,NA,NA,Off course,On track,countries/nzl
New Zealand,NZL,74.9944020641792,Trust and resilience,79.4651,NA,NA,Leading,On track,countries/nzl
Nicaragua,NIC,46.3227189466888,Connectivity and infrastructure,65.0378,NA,NA,On track,Off course,countries/nic
Nicaragua,NIC,46.3227189466888,Rights and freedoms,29.5408,NA,NA,Off course,Off course,countries/nic
Nicaragua,NIC,46.3227189466888,Responsibility and sustainability,NA,NA,Not enough data,NA,Off course,countries/nic
Nicaragua,NIC,46.3227189466888,Trust and resilience,24.5511,NA,NA,Off course,Off course,countries/nic
Niger,NER,48.3743679401342,Connectivity and infrastructure,NA,NA,Not enough data,NA,Off course,countries/ner
Niger,NER,48.3743679401342,Rights and freedoms,NA,NA,Not enough data,NA,Off course,countries/ner
Niger,NER,48.3743679401342,Responsibility and sustainability,59.1906,NA,NA,Getting on track,Off course,countries/ner
Niger,NER,48.3743679401342,Trust and resilience,45.913,NA,NA,Off course,Off course,countries/ner
Nigeria,NGA,55.8867561612406,Connectivity and infrastructure,60.5904,NA,NA,Getting on track,Getting on track,countries/nga
Nigeria,NGA,55.8867561612406,Rights and freedoms,47.809,NA,NA,Off course,Getting on track,countries/nga
Nigeria,NGA,55.8867561612406,Responsibility and sustainability,51.997,NA,NA,Getting on track,Getting on track,countries/nga
Nigeria,NGA,55.8867561612406,Trust and resilience,63.1506,NA,NA,Getting on track,Getting on track,countries/nga
North Korea,PRK,NA,Connectivity and infrastructure,NA,Not enough data,Not enough data,NA,NA,countries/prk
North Korea,PRK,NA,Rights and freedoms,NA,Not enough data,Not enough data,NA,NA,countries/prk
North Korea,PRK,NA,Responsibility and sustainability,NA,Not enough data,Not enough data,NA,NA,countries/prk
North Korea,PRK,NA,Trust and resilience,34.0663,Not enough data,NA,Off course,NA,countries/prk
North Macedonia,MKD,60.7476765599038,Connectivity and infrastructure,75.9748,NA,NA,On track,Getting on track,countries/mkd
North Macedonia,MKD,60.7476765599038,Rights and freedoms,NA,NA,Not enough data,NA,Getting on track,countries/mkd
North Macedonia,MKD,60.7476765599038,Responsibility and sustainability,NA,NA,Not enough data,NA,Getting on track,countries/mkd
North Macedonia,MKD,60.7476765599038,Trust and resilience,60.0787,NA,NA,Getting on track,Getting on track,countries/mkd
Norway,NOR,79.4988118769607,Connectivity and infrastructure,87.6992,NA,NA,Leading,Leading,countries/nor
Norway,NOR,79.4988118769607,Rights and freedoms,NA,NA,Not enough data,NA,Leading,countries/nor
Norway,NOR,79.4988118769607,Responsibility and sustainability,NA,NA,Not enough data,NA,Leading,countries/nor
Norway,NOR,79.4988118769607,Trust and resilience,86.9558,NA,NA,Leading,Leading,countries/nor
Oman,OMN,58.5940033905036,Connectivity and infrastructure,81.7385,NA,NA,Leading,Getting on track,countries/omn
Oman,OMN,58.5940033905036,Rights and freedoms,NA,NA,Not enough data,NA,Getting on track,countries/omn
Oman,OMN,58.5940033905036,Responsibility and sustainability,42.8907,NA,NA,Off course,Getting on track,countries/omn
Oman,OMN,58.5940033905036,Trust and resilience,62.6842,NA,NA,Getting on track,Getting on track,countries/omn
Pakistan,PAK,47.534089810292,Connectivity and infrastructure,41.1016,NA,NA,Off course,Off course,countries/pak
Pakistan,PAK,47.534089810292,Rights and freedoms,32.3018,NA,NA,Off course,Off course,countries/pak
Pakistan,PAK,47.534089810292,Responsibility and sustainability,52.9608,NA,NA,Getting on track,Off course,countries/pak
Pakistan,PAK,47.534089810292,Trust and resilience,63.7721,NA,NA,Getting on track,Off course,countries/pak
Palau,PLW,NA,Connectivity and infrastructure,NA,Not enough data,Not enough data,NA,NA,countries/plw
Palau,PLW,NA,Rights and freedoms,NA,Not enough data,Not enough data,NA,NA,countries/plw
Palau,PLW,NA,Responsibility and sustainability,NA,Not enough data,Not enough data,NA,NA,countries/plw
Palau,PLW,NA,Trust and resilience,NA,Not enough data,Not enough data,NA,NA,countries/plw
Panama,PAN,62.4824772945706,Connectivity and infrastructure,74.4034,NA,NA,On track,Getting on track,countries/pan
Panama,PAN,62.4824772945706,Rights and freedoms,NA,NA,Not enough data,NA,Getting on track,countries/pan
Panama,PAN,62.4824772945706,Responsibility and sustainability,46.9226,NA,NA,Off course,Getting on track,countries/pan
Panama,PAN,62.4824772945706,Trust and resilience,62.8548,NA,NA,Getting on track,Getting on track,countries/pan
Papua New Guinea,PNG,NA,Connectivity and infrastructure,NA,Not enough data,Not enough data,NA,NA,countries/png
Papua New Guinea,PNG,NA,Rights and freedoms,NA,Not enough data,Not enough data,NA,NA,countries/png
Papua New Guinea,PNG,NA,Responsibility and sustainability,NA,Not enough data,Not enough data,NA,NA,countries/png
Papua New Guinea,PNG,NA,Trust and resilience,54.8586,Not enough data,NA,Getting on track,NA,countries/png
Paraguay,PRY,60.1671333136911,Connectivity and infrastructure,72.1202,NA,NA,On track,Getting on track,countries/pry
Paraguay,PRY,60.1671333136911,Rights and freedoms,NA,NA,Not enough data,NA,Getting on track,countries/pry
Paraguay,PRY,60.1671333136911,Responsibility and sustainability,47.6529,NA,NA,Off course,Getting on track,countries/pry
Paraguay,PRY,60.1671333136911,Trust and resilience,64.5698,NA,NA,Getting on track,Getting on track,countries/pry
Peru,PER,66.0864236996107,Connectivity and infrastructure,73.7204,NA,NA,On track,On track,countries/per
Peru,PER,66.0864236996107,Rights and freedoms,NA,NA,Not enough data,NA,On track,countries/per
Peru,PER,66.0864236996107,Responsibility and sustainability,58.8343,NA,NA,Getting on track,On track,countries/per
Peru,PER,66.0864236996107,Trust and resilience,71.3544,NA,NA,On track,On track,countries/per
Philippines,PHL,65.1961766272678,Connectivity and infrastructure,74.7764,NA,NA,On track,On track,countries/phl
Philippines,PHL,65.1961766272678,Rights and freedoms,54.689,NA,NA,Getting on track,On track,countries/phl
Philippines,PHL,65.1961766272678,Responsibility and sustainability,61.1496,NA,NA,Getting on track,On track,countries/phl
Philippines,PHL,65.1961766272678,Trust and resilience,70.1697,NA,NA,On track,On track,countries/phl
Poland,POL,72.7886791206208,Connectivity and infrastructure,85.246,NA,NA,Leading,On track,countries/pol
Poland,POL,72.7886791206208,Rights and freedoms,NA,NA,Not enough data,NA,On track,countries/pol
Poland,POL,72.7886791206208,Responsibility and sustainability,58.2876,NA,NA,Getting on track,On track,countries/pol
Poland,POL,72.7886791206208,Trust and resilience,74.0456,NA,NA,On track,On track,countries/pol
Portugal,PRT,74.6723370417751,Connectivity and infrastructure,83.0419,NA,NA,Leading,On track,countries/prt
Portugal,PRT,74.6723370417751,Rights and freedoms,NA,NA,Not enough data,NA,On track,countries/prt
Portugal,PRT,74.6723370417751,Responsibility and sustainability,51.9146,NA,NA,Getting on track,On track,countries/prt
Portugal,PRT,74.6723370417751,Trust and resilience,84.2588,NA,NA,Leading,On track,countries/prt
Qatar,QAT,58.5841024119112,Connectivity and infrastructure,85.0376,NA,NA,Leading,Getting on track,countries/qat
Qatar,QAT,58.5841024119112,Rights and freedoms,NA,NA,Not enough data,NA,Getting on track,countries/qat
Qatar,QAT,58.5841024119112,Responsibility and sustainability,NA,NA,Not enough data,NA,Getting on track,countries/qat
Qatar,QAT,58.5841024119112,Trust and resilience,59,NA,NA,Getting on track,Getting on track,countries/qat
Romania,ROU,71.4471809920611,Connectivity and infrastructure,80.1221,NA,NA,Leading,On track,countries/rou
Romania,ROU,71.4471809920611,Rights and freedoms,NA,NA,Not enough data,NA,On track,countries/rou
Romania,ROU,71.4471809920611,Responsibility and sustainability,59.0619,NA,NA,Getting on track,On track,countries/rou
Romania,ROU,71.4471809920611,Trust and resilience,74.7812,NA,NA,On track,On track,countries/rou
Russian Federation,RUS,48.0016451213913,Connectivity and infrastructure,57.0359,NA,NA,Getting on track,Off course,countries/rus
Russian Federation,RUS,48.0016451213913,Rights and freedoms,24.9476,NA,NA,Off course,Off course,countries/rus
Russian Federation,RUS,48.0016451213913,Responsibility and sustainability,NA,NA,Not enough data,NA,Off course,countries/rus
Russian Federation,RUS,48.0016451213913,Trust and resilience,58.7647,NA,NA,Getting on track,Off course,countries/rus
Rwanda,RWA,56.2271378803502,Connectivity and infrastructure,63.3214,NA,NA,Getting on track,Getting on track,countries/rwa
Rwanda,RWA,56.2271378803502,Rights and freedoms,40.1439,NA,NA,Off course,Getting on track,countries/rwa
Rwanda,RWA,56.2271378803502,Responsibility and sustainability,61.8182,NA,NA,Getting on track,Getting on track,countries/rwa
Rwanda,RWA,56.2271378803502,Trust and resilience,59.6251,NA,NA,Getting on track,Getting on track,countries/rwa
Saint Kitts and Nevis,KNA,NA,Connectivity and infrastructure,NA,Not enough data,Not enough data,NA,NA,countries/kna
Saint Kitts and Nevis,KNA,NA,Rights and freedoms,NA,Not enough data,Not enough data,NA,NA,countries/kna
Saint Kitts and Nevis,KNA,NA,Responsibility and sustainability,NA,Not enough data,Not enough data,NA,NA,countries/kna
Saint Kitts and Nevis,KNA,NA,Trust and resilience,NA,Not enough data,Not enough data,NA,NA,countries/kna
Saint Lucia,LCA,60.2297170125402,Connectivity and infrastructure,NA,NA,Not enough data,NA,Getting on track,countries/lca
Saint Lucia,LCA,60.2297170125402,Rights and freedoms,NA,NA,Not enough data,NA,Getting on track,countries/lca
Saint Lucia,LCA,60.2297170125402,Responsibility and sustainability,48.4442,NA,NA,Off course,Getting on track,countries/lca
Saint Lucia,LCA,60.2297170125402,Trust and resilience,NA,NA,Not enough data,NA,Getting on track,countries/lca
Saint Vincent and The Grenadines,VCT,NA,Connectivity and infrastructure,NA,Not enough data,Not enough data,NA,NA,countries/vct
Saint Vincent and The Grenadines,VCT,NA,Rights and freedoms,NA,Not enough data,Not enough data,NA,NA,countries/vct
Saint Vincent and The Grenadines,VCT,NA,Responsibility and sustainability,NA,Not enough data,Not enough data,NA,NA,countries/vct
Saint Vincent and The Grenadines,VCT,NA,Trust and resilience,NA,Not enough data,Not enough data,NA,NA,countries/vct
Samoa,WSM,NA,Connectivity and infrastructure,NA,Not enough data,Not enough data,NA,NA,countries/wsm
Samoa,WSM,NA,Rights and freedoms,NA,Not enough data,Not enough data,NA,NA,countries/wsm
Samoa,WSM,NA,Responsibility and sustainability,NA,Not enough data,Not enough data,NA,NA,countries/wsm
Samoa,WSM,NA,Trust and resilience,NA,Not enough data,Not enough data,NA,NA,countries/wsm
San Marino,SMR,NA,Connectivity and infrastructure,NA,Not enough data,Not enough data,NA,NA,countries/smr
San Marino,SMR,NA,Rights and freedoms,NA,Not enough data,Not enough data,NA,NA,countries/smr
San Marino,SMR,NA,Responsibility and sustainability,NA,Not enough data,Not enough data,NA,NA,countries/smr
San Marino,SMR,NA,Trust and resilience,NA,Not enough data,Not enough data,NA,NA,countries/smr
São Tomé and Príncipe,STP,NA,Connectivity and infrastructure,NA,Not enough data,Not enough data,NA,NA,countries/stp
São Tomé and Príncipe,STP,NA,Rights and freedoms,NA,Not enough data,Not enough data,NA,NA,countries/stp
São Tomé and Príncipe,STP,NA,Responsibility and sustainability,NA,Not enough data,Not enough data,NA,NA,countries/stp
São Tomé and Príncipe,STP,NA,Trust and resilience,42.0555,Not enough data,NA,Off course,NA,countries/stp
Saudi Arabia,SAU,52.9250477255591,Connectivity and infrastructure,84.8159,NA,NA,Leading,Getting on track,countries/sau
Saudi Arabia,SAU,52.9250477255591,Rights and freedoms,NA,NA,Not enough data,NA,Getting on track,countries/sau
Saudi Arabia,SAU,52.9250477255591,Responsibility and sustainability,39.826,NA,NA,Off course,Getting on track,countries/sau
Saudi Arabia,SAU,52.9250477255591,Trust and resilience,58.0833,NA,NA,Getting on track,Getting on track,countries/sau
Senegal,SEN,57.6859978911558,Connectivity and infrastructure,49.1513,NA,NA,Off course,Getting on track,countries/sen
Senegal,SEN,57.6859978911558,Rights and freedoms,NA,NA,Not enough data,NA,Getting on track,countries/sen
Senegal,SEN,57.6859978911558,Responsibility and sustainability,61.304,NA,NA,Getting on track,Getting on track,countries/sen
Senegal,SEN,57.6859978911558,Trust and resilience,59.6556,NA,NA,Getting on track,Getting on track,countries/sen
Serbia,SRB,63.5963959124801,Connectivity and infrastructure,80.5377,NA,NA,Leading,Getting on track,countries/srb
Serbia,SRB,63.5963959124801,Rights and freedoms,57.8238,NA,NA,Getting on track,Getting on track,countries/srb
Serbia,SRB,63.5963959124801,Responsibility and sustainability,NA,NA,Not enough data,NA,Getting on track,countries/srb
Serbia,SRB,63.5963959124801,Trust and resilience,67.8467,NA,NA,On track,Getting on track,countries/srb
Seychelles,SYC,68.4314433530621,Connectivity and infrastructure,77.5634,NA,NA,On track,On track,countries/syc
Seychelles,SYC,68.4314433530621,Rights and freedoms,NA,NA,Not enough data,NA,On track,countries/syc
Seychelles,SYC,68.4314433530621,Responsibility and sustainability,NA,NA,Not enough data,NA,On track,countries/syc
Seychelles,SYC,68.4314433530621,Trust and resilience,59.277,NA,NA,Getting on track,On track,countries/syc
Sierra Leone,SLE,48.3865613796553,Connectivity and infrastructure,37.19,NA,NA,Off course,Off course,countries/sle
Sierra Leone,SLE,48.3865613796553,Rights and freedoms,NA,NA,Not enough data,NA,Off course,countries/sle
Sierra Leone,SLE,48.3865613796553,Responsibility and sustainability,54.8121,NA,NA,Getting on track,Off course,countries/sle
Sierra Leone,SLE,48.3865613796553,Trust and resilience,51.2922,NA,NA,Getting on track,Off course,countries/sle
Singapore,SGP,70.9719878831508,Connectivity and infrastructure,91.5786,NA,NA,Leading,On track,countries/sgp
Singapore,SGP,70.9719878831508,Rights and freedoms,59.7536,NA,NA,Getting on track,On track,countries/sgp
Singapore,SGP,70.9719878831508,Responsibility and sustainability,58.6269,NA,NA,Getting on track,On track,countries/sgp
Singapore,SGP,70.9719878831508,Trust and resilience,73.9288,NA,NA,On track,On track,countries/sgp
Slovakia,SVK,72.3073792773618,Connectivity and infrastructure,80.6593,NA,NA,Leading,On track,countries/svk
Slovakia,SVK,72.3073792773618,Rights and freedoms,NA,NA,Not enough data,NA,On track,countries/svk
Slovakia,SVK,72.3073792773618,Responsibility and sustainability,54.7414,NA,NA,Getting on track,On track,countries/svk
Slovakia,SVK,72.3073792773618,Trust and resilience,78.0988,NA,NA,On track,On track,countries/svk
Slovenia,SVN,74.5973741095817,Connectivity and infrastructure,83.3931,NA,NA,Leading,On track,countries/svn
Slovenia,SVN,74.5973741095817,Rights and freedoms,NA,NA,Not enough data,NA,On track,countries/svn
Slovenia,SVN,74.5973741095817,Responsibility and sustainability,57.8363,NA,NA,Getting on track,On track,countries/svn
Slovenia,SVN,74.5973741095817,Trust and resilience,77.3162,NA,NA,On track,On track,countries/svn
Solomon Islands,SLB,NA,Connectivity and infrastructure,NA,Not enough data,Not enough data,NA,NA,countries/slb
Solomon Islands,SLB,NA,Rights and freedoms,NA,Not enough data,Not enough data,NA,NA,countries/slb
Solomon Islands,SLB,NA,Responsibility and sustainability,NA,Not enough data,Not enough data,NA,NA,countries/slb
Solomon Islands,SLB,NA,Trust and resilience,45.9358,Not enough data,NA,Off course,NA,countries/slb
Somalia,SOM,44.6543686223456,Connectivity and infrastructure,NA,NA,Not enough data,NA,Off course,countries/som
Somalia,SOM,44.6543686223456,Rights and freedoms,NA,NA,Not enough data,NA,Off course,countries/som
Somalia,SOM,44.6543686223456,Responsibility and sustainability,47.4761,NA,NA,Off course,Off course,countries/som
Somalia,SOM,44.6543686223456,Trust and resilience,40.9203,NA,NA,Off course,Off course,countries/som
South Africa,ZAF,68.6580236419214,Connectivity and infrastructure,77.1346,NA,NA,On track,On track,countries/zaf
South Africa,ZAF,68.6580236419214,Rights and freedoms,70.449700000000007,NA,NA,On track,On track,countries/zaf
South Africa,ZAF,68.6580236419214,Responsibility and sustainability,53.8573,NA,NA,Getting on track,On track,countries/zaf
South Africa,ZAF,68.6580236419214,Trust and resilience,73.1904,NA,NA,On track,On track,countries/zaf
South Korea,KOR,71.2299016447837,Connectivity and infrastructure,89.749,NA,NA,Leading,On track,countries/kor
South Korea,KOR,71.2299016447837,Rights and freedoms,73.6706,NA,NA,On track,On track,countries/kor
South Korea,KOR,71.2299016447837,Responsibility and sustainability,45.4234,NA,NA,Off course,On track,countries/kor
South Korea,KOR,71.2299016447837,Trust and resilience,NA,NA,Not enough data,NA,On track,countries/kor
South Sudan,SSD,34.9408227261532,Connectivity and infrastructure,NA,NA,Not enough data,NA,Off course,countries/ssd
South Sudan,SSD,34.9408227261532,Rights and freedoms,NA,NA,Not enough data,NA,Off course,countries/ssd
South Sudan,SSD,34.9408227261532,Responsibility and sustainability,46.1688,NA,NA,Off course,Off course,countries/ssd
South Sudan,SSD,34.9408227261532,Trust and resilience,31.1925,NA,NA,Off course,Off course,countries/ssd
Spain,ESP,74.6899285548398,Connectivity and infrastructure,85.884,NA,NA,Leading,On track,countries/esp
Spain,ESP,74.6899285548398,Rights and freedoms,NA,NA,Not enough data,NA,On track,countries/esp
Spain,ESP,74.6899285548398,Responsibility and sustainability,51.5133,NA,NA,Getting on track,On track,countries/esp
Spain,ESP,74.6899285548398,Trust and resilience,82.6468,NA,NA,Leading,On track,countries/esp
Sri Lanka,LKA,54.2303188705375,Connectivity and infrastructure,50.8167,NA,NA,Getting on track,Getting on track,countries/lka
Sri Lanka,LKA,54.2303188705375,Rights and freedoms,NA,NA,Not enough data,NA,Getting on track,countries/lka
Sri Lanka,LKA,54.2303188705375,Responsibility and sustainability,NA,NA,Not enough data,NA,Getting on track,countries/lka
Sri Lanka,LKA,54.2303188705375,Trust and resilience,66.2616,NA,NA,On track,Getting on track,countries/lka
Sudan,SDN,38.2003937940746,Connectivity and infrastructure,NA,NA,Not enough data,NA,Off course,countries/sdn
Sudan,SDN,38.2003937940746,Rights and freedoms,21.7517,NA,NA,Off course,Off course,countries/sdn
Sudan,SDN,38.2003937940746,Responsibility and sustainability,NA,NA,Not enough data,NA,Off course,countries/sdn
Sudan,SDN,38.2003937940746,Trust and resilience,38.4767,NA,NA,Off course,Off course,countries/sdn
Suriname,SUR,65.739075302623,Connectivity and infrastructure,NA,NA,Not enough data,NA,On track,countries/sur
Suriname,SUR,65.739075302623,Rights and freedoms,NA,NA,Not enough data,NA,On track,countries/sur
Suriname,SUR,65.739075302623,Responsibility and sustainability,NA,NA,Not enough data,NA,On track,countries/sur
Suriname,SUR,65.739075302623,Trust and resilience,52.2867,NA,NA,Getting on track,On track,countries/sur
Sweden,SWE,81.6634120305184,Connectivity and infrastructure,90.0961,NA,NA,Leading,Leading,countries/swe
Sweden,SWE,81.6634120305184,Rights and freedoms,NA,NA,Not enough data,NA,Leading,countries/swe
Sweden,SWE,81.6634120305184,Responsibility and sustainability,NA,NA,Not enough data,NA,Leading,countries/swe
Sweden,SWE,81.6634120305184,Trust and resilience,85.3709,NA,NA,Leading,Leading,countries/swe
Switzerland,CHE,78.2018390094278,Connectivity and infrastructure,88.7041,NA,NA,Leading,On track,countries/che
Switzerland,CHE,78.2018390094278,Rights and freedoms,NA,NA,Not enough data,NA,On track,countries/che
Switzerland,CHE,78.2018390094278,Responsibility and sustainability,NA,NA,Not enough data,NA,On track,countries/che
Switzerland,CHE,78.2018390094278,Trust and resilience,83.5249,NA,NA,Leading,On track,countries/che
Syria,SYR,NA,Connectivity and infrastructure,NA,Not enough data,Not enough data,NA,NA,countries/syr
Syria,SYR,NA,Rights and freedoms,NA,Not enough data,Not enough data,NA,NA,countries/syr
Syria,SYR,NA,Responsibility and sustainability,NA,Not enough data,Not enough data,NA,NA,countries/syr
Syria,SYR,NA,Trust and resilience,31.0835,Not enough data,NA,Off course,NA,countries/syr
Tajikistan,TJK,36.4830088466587,Connectivity and infrastructure,NA,NA,Not enough data,NA,Off course,countries/tjk
Tajikistan,TJK,36.4830088466587,Rights and freedoms,NA,NA,Not enough data,NA,Off course,countries/tjk
Tajikistan,TJK,36.4830088466587,Responsibility and sustainability,54.9992,NA,NA,Getting on track,Off course,countries/tjk
Tajikistan,TJK,36.4830088466587,Trust and resilience,26.6616,NA,NA,Off course,Off course,countries/tjk
Thailand,THA,61.9267267269752,Connectivity and infrastructure,82.3559,NA,NA,Leading,Getting on track,countries/tha
Thailand,THA,61.9267267269752,Rights and freedoms,40.9238,NA,NA,Off course,Getting on track,countries/tha
Thailand,THA,61.9267267269752,Responsibility and sustainability,52.7477,NA,NA,Getting on track,Getting on track,countries/tha
Thailand,THA,61.9267267269752,Trust and resilience,71.6796,NA,NA,On track,Getting on track,countries/tha
Timor-Leste,TLS,NA,Connectivity and infrastructure,NA,Not enough data,Not enough data,NA,NA,countries/tls
Timor-Leste,TLS,NA,Rights and freedoms,NA,Not enough data,Not enough data,NA,NA,countries/tls
Timor-Leste,TLS,NA,Responsibility and sustainability,NA,Not enough data,Not enough data,NA,NA,countries/tls
Timor-Leste,TLS,NA,Trust and resilience,40.7915,Not enough data,NA,Off course,NA,countries/tls
Togo,TGO,53.125855738611,Connectivity and infrastructure,NA,NA,Not enough data,NA,Getting on track,countries/tgo
Togo,TGO,53.125855738611,Rights and freedoms,NA,NA,Not enough data,NA,Getting on track,countries/tgo
Togo,TGO,53.125855738611,Responsibility and sustainability,57.2522,NA,NA,Getting on track,Getting on track,countries/tgo
Togo,TGO,53.125855738611,Trust and resilience,60.0692,NA,NA,Getting on track,Getting on track,countries/tgo
Tonga,TON,NA,Connectivity and infrastructure,NA,Not enough data,Not enough data,NA,NA,countries/ton
Tonga,TON,NA,Rights and freedoms,NA,Not enough data,Not enough data,NA,NA,countries/ton
Tonga,TON,NA,Responsibility and sustainability,NA,Not enough data,Not enough data,NA,NA,countries/ton
Tonga,TON,NA,Trust and resilience,NA,Not enough data,Not enough data,NA,NA,countries/ton
Trinidad and Tobago,TTO,60.852589188772,Connectivity and infrastructure,71.7595,NA,NA,On track,Getting on track,countries/tto
Trinidad and Tobago,TTO,60.852589188772,Rights and freedoms,NA,NA,Not enough data,NA,Getting on track,countries/tto
Trinidad and Tobago,TTO,60.852589188772,Responsibility and sustainability,43.6376,NA,NA,Off course,Getting on track,countries/tto
Trinidad and Tobago,TTO,60.852589188772,Trust and resilience,63.341,NA,NA,Getting on track,Getting on track,countries/tto
Tunisia,TUN,57.7783734837901,Connectivity and infrastructure,72.9239,NA,NA,On track,Getting on track,countries/tun
Tunisia,TUN,57.7783734837901,Rights and freedoms,51.4527,NA,NA,Getting on track,Getting on track,countries/tun
Tunisia,TUN,57.7783734837901,Responsibility and sustainability,47.7107,NA,NA,Off course,Getting on track,countries/tun
Tunisia,TUN,57.7783734837901,Trust and resilience,59.0262,NA,NA,Getting on track,Getting on track,countries/tun
Türkiye,TUR,55.891233177139,Connectivity and infrastructure,NA,NA,Not enough data,NA,Getting on track,countries/tur
Türkiye,TUR,55.891233177139,Rights and freedoms,55.1847,NA,NA,Getting on track,Getting on track,countries/tur
Türkiye,TUR,55.891233177139,Responsibility and sustainability,NA,NA,Not enough data,NA,Getting on track,countries/tur
Türkiye,TUR,55.891233177139,Trust and resilience,67.0167,NA,NA,On track,Getting on track,countries/tur
Turkmenistan,TKM,43.5481245947576,Connectivity and infrastructure,NA,NA,Not enough data,NA,Off course,countries/tkm
Turkmenistan,TKM,43.5481245947576,Rights and freedoms,NA,NA,Not enough data,NA,Off course,countries/tkm
Turkmenistan,TKM,43.5481245947576,Responsibility and sustainability,46.2186,NA,NA,Off course,Off course,countries/tkm
Turkmenistan,TKM,43.5481245947576,Trust and resilience,26.8351,NA,NA,Off course,Off course,countries/tkm
Tuvalu,TUV,NA,Connectivity and infrastructure,NA,Not enough data,Not enough data,NA,NA,countries/tuv
Tuvalu,TUV,NA,Rights and freedoms,NA,Not enough data,Not enough data,NA,NA,countries/tuv
Tuvalu,TUV,NA,Responsibility and sustainability,NA,Not enough data,Not enough data,NA,NA,countries/tuv
Tuvalu,TUV,NA,Trust and resilience,NA,Not enough data,Not enough data,NA,NA,countries/tuv
Uganda,UGA,50.098879402899,Connectivity and infrastructure,40.0878,NA,NA,Off course,Getting on track,countries/uga
Uganda,UGA,50.098879402899,Rights and freedoms,41.9331,NA,NA,Off course,Getting on track,countries/uga
Uganda,UGA,50.098879402899,Responsibility and sustainability,59.9653,NA,NA,Getting on track,Getting on track,countries/uga
Uganda,UGA,50.098879402899,Trust and resilience,58.4094,NA,NA,Getting on track,Getting on track,countries/uga
Ukraine,UKR,64.1605451704535,Connectivity and infrastructure,78.7726,NA,NA,On track,Getting on track,countries/ukr
Ukraine,UKR,64.1605451704535,Rights and freedoms,52.8981,NA,NA,Getting on track,Getting on track,countries/ukr
Ukraine,UKR,64.1605451704535,Responsibility and sustainability,53.0954,NA,NA,Getting on track,Getting on track,countries/ukr
Ukraine,UKR,64.1605451704535,Trust and resilience,68.1876,NA,NA,On track,Getting on track,countries/ukr
United Arab Emirates,ARE,57.2989366714423,Connectivity and infrastructure,86.7618,NA,NA,Leading,Getting on track,countries/are
United Arab Emirates,ARE,57.2989366714423,Rights and freedoms,37.1766,NA,NA,Off course,Getting on track,countries/are
United Arab Emirates,ARE,57.2989366714423,Responsibility and sustainability,NA,NA,Not enough data,NA,Getting on track,countries/are
United Arab Emirates,ARE,57.2989366714423,Trust and resilience,61.2583,NA,NA,Getting on track,Getting on track,countries/are
United Kingdom,GBR,73.8882889204184,Connectivity and infrastructure,73.6709,NA,NA,On track,On track,countries/gbr
United Kingdom,GBR,73.8882889204184,Rights and freedoms,82.8327,NA,NA,Leading,On track,countries/gbr
United Kingdom,GBR,73.8882889204184,Responsibility and sustainability,57.5662,NA,NA,Getting on track,On track,countries/gbr
United Kingdom,GBR,73.8882889204184,Trust and resilience,81.4833,NA,NA,Leading,On track,countries/gbr
United Republic of Tanzania,TZA,52.7835859452257,Connectivity and infrastructure,42.5427,NA,NA,Off course,Getting on track,countries/tza
United Republic of Tanzania,TZA,52.7835859452257,Rights and freedoms,NA,NA,Not enough data,NA,Getting on track,countries/tza
United Republic of Tanzania,TZA,52.7835859452257,Responsibility and sustainability,55.0628,NA,NA,Getting on track,Getting on track,countries/tza
United Republic of Tanzania,TZA,52.7835859452257,Trust and resilience,68.7222,NA,NA,On track,Getting on track,countries/tza
United States,USA,77.5917439363119,Connectivity and infrastructure,91.888,NA,NA,Leading,On track,countries/usa
United States,USA,77.5917439363119,Rights and freedoms,76.6332,NA,NA,On track,On track,countries/usa
United States,USA,77.5917439363119,Responsibility and sustainability,59.4353,NA,NA,Getting on track,On track,countries/usa
United States,USA,77.5917439363119,Trust and resilience,82.4105,NA,NA,Leading,On track,countries/usa
Uruguay,URY,72.6708571222156,Connectivity and infrastructure,81.0993,NA,NA,Leading,On track,countries/ury
Uruguay,URY,72.6708571222156,Rights and freedoms,NA,NA,Not enough data,NA,On track,countries/ury
Uruguay,URY,72.6708571222156,Responsibility and sustainability,52.557,NA,NA,Getting on track,On track,countries/ury
Uruguay,URY,72.6708571222156,Trust and resilience,76.824700000000007,NA,NA,On track,On track,countries/ury
Uzbekistan,UZB,53.4851498186964,Connectivity and infrastructure,76.5903,NA,NA,On track,Getting on track,countries/uzb
Uzbekistan,UZB,53.4851498186964,Rights and freedoms,29.4839,NA,NA,Off course,Getting on track,countries/uzb
Uzbekistan,UZB,53.4851498186964,Responsibility and sustainability,49.6662,NA,NA,Off course,Getting on track,countries/uzb
Uzbekistan,UZB,53.4851498186964,Trust and resilience,58.2002,NA,NA,Getting on track,Getting on track,countries/uzb
Vanuatu,VUT,77.9137305571255,Connectivity and infrastructure,NA,NA,Not enough data,NA,On track,countries/vut
Vanuatu,VUT,77.9137305571255,Rights and freedoms,NA,NA,Not enough data,NA,On track,countries/vut
Vanuatu,VUT,77.9137305571255,Responsibility and sustainability,NA,NA,Not enough data,NA,On track,countries/vut
Vanuatu,VUT,77.9137305571255,Trust and resilience,64.9377,NA,NA,Getting on track,On track,countries/vut
Venezuela,VEN,39.9261150685352,Connectivity and infrastructure,47.1529,NA,NA,Off course,Off course,countries/ven
Venezuela,VEN,39.9261150685352,Rights and freedoms,23.0238,NA,NA,Off course,Off course,countries/ven
Venezuela,VEN,39.9261150685352,Responsibility and sustainability,NA,NA,Not enough data,NA,Off course,countries/ven
Venezuela,VEN,39.9261150685352,Trust and resilience,NA,NA,Not enough data,NA,Off course,countries/ven
Vietnam,VNM,53.690469172305,Connectivity and infrastructure,60.399,NA,NA,Getting on track,Getting on track,countries/vnm
Vietnam,VNM,53.690469172305,Rights and freedoms,30.5489,NA,NA,Off course,Getting on track,countries/vnm
Vietnam,VNM,53.690469172305,Responsibility and sustainability,58.1588,NA,NA,Getting on track,Getting on track,countries/vnm
Vietnam,VNM,53.690469172305,Trust and resilience,65.6552,NA,NA,On track,Getting on track,countries/vnm
Yemen,YEM,32.2438309507836,Connectivity and infrastructure,27.736,NA,NA,Off course,Off course,countries/yem
Yemen,YEM,32.2438309507836,Rights and freedoms,NA,NA,Not enough data,NA,Off course,countries/yem
Yemen,YEM,32.2438309507836,Responsibility and sustainability,NA,NA,Not enough data,NA,Off course,countries/yem
Yemen,YEM,32.2438309507836,Trust and resilience,22.8483,NA,NA,Off course,Off course,countries/yem
Zambia,ZMB,55.6229924802202,Connectivity and infrastructure,46.9099,NA,NA,Off course,Getting on track,countries/zmb
Zambia,ZMB,55.6229924802202,Rights and freedoms,53.412,NA,NA,Getting on track,Getting on track,countries/zmb
Zambia,ZMB,55.6229924802202,Responsibility and sustainability,55.8095,NA,NA,Getting on track,Getting on track,countries/zmb
Zambia,ZMB,55.6229924802202,Trust and resilience,66.3605,NA,NA,On track,Getting on track,countries/zmb
Zimbabwe,ZWE,43.3900796196654,Connectivity and infrastructure,41.7586,NA,NA,Off course,Off course,countries/zwe
Zimbabwe,ZWE,43.3900796196654,Rights and freedoms,37.8911,NA,NA,Off course,Off course,countries/zwe
Zimbabwe,ZWE,43.3900796196654,Responsibility and sustainability,52.657,NA,NA,Getting on track,Off course,countries/zwe
Zimbabwe,ZWE,43.3900796196654,Trust and resilience,41.2536,NA,NA,Off course,Off course,countries/zwe
